[2026-03-19T08:08:09.317+0000] {manager.py:470} INFO - Processing files using up to 2 processes at a time 
[2026-03-19T08:08:09.320+0000] {manager.py:471} INFO - Process each file at most once every 30 seconds
[2026-03-19T08:08:09.321+0000] {manager.py:472} INFO - Checking for new files in /opt/airflow/dags every 300 seconds
[2026-03-19T08:08:09.324+0000] {manager.py:737} INFO - Searching for files in /opt/airflow/dags
[2026-03-19T08:08:09.366+0000] {manager.py:740} INFO - There are 1 files in /opt/airflow/dags
[2026-03-19T08:08:10.162+0000] {manager.py:878} INFO - 
================================================================================
DAG File Processing Stats

File Path                            PID  Runtime      # DAGs    # Errors  Last Runtime    Last Run
---------------------------------  -----  ---------  --------  ----------  --------------  ----------
/opt/airflow/dags/pipeline_dag.py    207  0.29s             0           0
================================================================================
[2026-03-19T08:08:40.613+0000] {manager.py:878} INFO - 
================================================================================
DAG File Processing Stats

File Path                          PID    Runtime      # DAGs    # Errors  Last Runtime    Last Run
---------------------------------  -----  ---------  --------  ----------  --------------  -------------------
/opt/airflow/dags/pipeline_dag.py                           1           0  2.25s           2026-03-19T08:08:12
================================================================================
[2026-03-19T08:09:10.916+0000] {manager.py:878} INFO - 
================================================================================
DAG File Processing Stats

File Path                          PID    Runtime      # DAGs    # Errors  Last Runtime    Last Run
---------------------------------  -----  ---------  --------  ----------  --------------  -------------------
/opt/airflow/dags/pipeline_dag.py                           1           0  0.60s           2026-03-19T08:08:43
================================================================================
[2026-03-19T08:09:41.136+0000] {manager.py:878} INFO - 
================================================================================
DAG File Processing Stats

File Path                          PID    Runtime      # DAGs    # Errors  Last Runtime    Last Run
---------------------------------  -----  ---------  --------  ----------  --------------  -------------------
/opt/airflow/dags/pipeline_dag.py                           1           0  0.43s           2026-03-19T08:09:13
================================================================================
[2026-03-19T08:10:11.426+0000] {manager.py:878} INFO - 
================================================================================
DAG File Processing Stats

File Path                          PID    Runtime      # DAGs    # Errors  Last Runtime    Last Run
---------------------------------  -----  ---------  --------  ----------  --------------  -------------------
/opt/airflow/dags/pipeline_dag.py                           1           0  0.36s           2026-03-19T08:09:44
================================================================================
[2026-03-19T08:10:41.624+0000] {manager.py:878} INFO - 
================================================================================
DAG File Processing Stats

File Path                          PID    Runtime      # DAGs    # Errors  Last Runtime    Last Run
---------------------------------  -----  ---------  --------  ----------  --------------  -------------------
/opt/airflow/dags/pipeline_dag.py                           1           0  0.53s           2026-03-19T08:10:15
================================================================================
[2026-03-19T08:11:11.942+0000] {manager.py:878} INFO - 
================================================================================
DAG File Processing Stats

File Path                          PID    Runtime      # DAGs    # Errors  Last Runtime    Last Run
---------------------------------  -----  ---------  --------  ----------  --------------  -------------------
/opt/airflow/dags/pipeline_dag.py                           1           0  0.35s           2026-03-19T08:10:46
================================================================================
[2026-03-19T08:11:42.502+0000] {manager.py:878} INFO - 
================================================================================
DAG File Processing Stats

File Path                          PID    Runtime      # DAGs    # Errors  Last Runtime    Last Run
---------------------------------  -----  ---------  --------  ----------  --------------  -------------------
/opt/airflow/dags/pipeline_dag.py                           1           0  0.29s           2026-03-19T08:11:16
================================================================================
[2026-03-19T08:12:13.070+0000] {manager.py:878} INFO - 
================================================================================
DAG File Processing Stats

File Path                          PID    Runtime      # DAGs    # Errors  Last Runtime    Last Run
---------------------------------  -----  ---------  --------  ----------  --------------  -------------------
/opt/airflow/dags/pipeline_dag.py                           1           0  0.23s           2026-03-19T08:11:47
================================================================================
[2026-03-19T08:12:43.432+0000] {manager.py:878} INFO - 
================================================================================
DAG File Processing Stats

File Path                          PID    Runtime      # DAGs    # Errors  Last Runtime    Last Run
---------------------------------  -----  ---------  --------  ----------  --------------  -------------------
/opt/airflow/dags/pipeline_dag.py                           1           0  0.19s           2026-03-19T08:12:17
================================================================================
[2026-03-19T08:13:09.629+0000] {manager.py:737} INFO - Searching for files in /opt/airflow/dags
[2026-03-19T08:13:09.669+0000] {manager.py:740} INFO - There are 1 files in /opt/airflow/dags
[2026-03-19T08:13:13.759+0000] {manager.py:878} INFO - 
================================================================================
DAG File Processing Stats

File Path                          PID    Runtime      # DAGs    # Errors  Last Runtime    Last Run
---------------------------------  -----  ---------  --------  ----------  --------------  -------------------
/opt/airflow/dags/pipeline_dag.py                           1           0  0.19s           2026-03-19T08:12:47
================================================================================
[2026-03-19T08:13:44.038+0000] {manager.py:878} INFO - 
================================================================================
DAG File Processing Stats

File Path                          PID    Runtime      # DAGs    # Errors  Last Runtime    Last Run
---------------------------------  -----  ---------  --------  ----------  --------------  -------------------
/opt/airflow/dags/pipeline_dag.py                           1           0  0.24s           2026-03-19T08:13:18
================================================================================
[2026-03-19T08:14:14.468+0000] {manager.py:878} INFO - 
================================================================================
DAG File Processing Stats

File Path                          PID    Runtime      # DAGs    # Errors  Last Runtime    Last Run
---------------------------------  -----  ---------  --------  ----------  --------------  -------------------
/opt/airflow/dags/pipeline_dag.py                           1           0  0.31s           2026-03-19T08:13:48
================================================================================
[2026-03-19T08:14:44.776+0000] {manager.py:878} INFO - 
================================================================================
DAG File Processing Stats

File Path                          PID    Runtime      # DAGs    # Errors  Last Runtime    Last Run
---------------------------------  -----  ---------  --------  ----------  --------------  -------------------
/opt/airflow/dags/pipeline_dag.py                           1           0  0.21s           2026-03-19T08:14:18
================================================================================
[2026-03-19T08:15:15.139+0000] {manager.py:878} INFO - 
================================================================================
DAG File Processing Stats

File Path                          PID    Runtime      # DAGs    # Errors  Last Runtime    Last Run
---------------------------------  -----  ---------  --------  ----------  --------------  -------------------
/opt/airflow/dags/pipeline_dag.py                           1           0  0.18s           2026-03-19T08:14:49
================================================================================
[2026-03-19T08:15:45.395+0000] {manager.py:878} INFO - 
================================================================================
DAG File Processing Stats

File Path                          PID    Runtime      # DAGs    # Errors  Last Runtime    Last Run
---------------------------------  -----  ---------  --------  ----------  --------------  -------------------
/opt/airflow/dags/pipeline_dag.py                           1           0  0.18s           2026-03-19T08:15:19
================================================================================
[2026-03-19T08:16:15.756+0000] {manager.py:878} INFO - 
================================================================================
DAG File Processing Stats

File Path                          PID    Runtime      # DAGs    # Errors  Last Runtime    Last Run
---------------------------------  -----  ---------  --------  ----------  --------------  -------------------
/opt/airflow/dags/pipeline_dag.py                           1           0  0.30s           2026-03-19T08:15:49
================================================================================
[2026-03-19T08:16:46.144+0000] {manager.py:878} INFO - 
================================================================================
DAG File Processing Stats

File Path                          PID    Runtime      # DAGs    # Errors  Last Runtime    Last Run
---------------------------------  -----  ---------  --------  ----------  --------------  -------------------
/opt/airflow/dags/pipeline_dag.py                           1           0  0.22s           2026-03-19T08:16:20
================================================================================
[2026-03-19T08:17:16.432+0000] {manager.py:878} INFO - 
================================================================================
DAG File Processing Stats

File Path                          PID    Runtime      # DAGs    # Errors  Last Runtime    Last Run
---------------------------------  -----  ---------  --------  ----------  --------------  -------------------
/opt/airflow/dags/pipeline_dag.py                           1           0  0.25s           2026-03-19T08:16:50
================================================================================
[2026-03-19T08:17:46.855+0000] {manager.py:878} INFO - 
================================================================================
DAG File Processing Stats

File Path                          PID    Runtime      # DAGs    # Errors  Last Runtime    Last Run
---------------------------------  -----  ---------  --------  ----------  --------------  -------------------
/opt/airflow/dags/pipeline_dag.py                           1           0  0.18s           2026-03-19T08:17:20
================================================================================
[2026-03-19T08:18:10.058+0000] {manager.py:737} INFO - Searching for files in /opt/airflow/dags
[2026-03-19T08:18:10.089+0000] {manager.py:740} INFO - There are 1 files in /opt/airflow/dags
[2026-03-19T08:18:17.147+0000] {manager.py:878} INFO - 
================================================================================
DAG File Processing Stats

File Path                          PID    Runtime      # DAGs    # Errors  Last Runtime    Last Run
---------------------------------  -----  ---------  --------  ----------  --------------  -------------------
/opt/airflow/dags/pipeline_dag.py                           1           0  0.25s           2026-03-19T08:17:51
================================================================================
[2026-03-19T08:18:47.382+0000] {manager.py:878} INFO - 
================================================================================
DAG File Processing Stats

File Path                          PID    Runtime      # DAGs    # Errors  Last Runtime    Last Run
---------------------------------  -----  ---------  --------  ----------  --------------  -------------------
/opt/airflow/dags/pipeline_dag.py                           1           0  0.16s           2026-03-19T08:18:21
================================================================================
[2026-03-19T08:19:17.733+0000] {manager.py:878} INFO - 
================================================================================
DAG File Processing Stats

File Path                          PID    Runtime      # DAGs    # Errors  Last Runtime    Last Run
---------------------------------  -----  ---------  --------  ----------  --------------  -------------------
/opt/airflow/dags/pipeline_dag.py                           1           0  0.16s           2026-03-19T08:18:51
================================================================================
[2026-03-19T08:19:48.001+0000] {manager.py:878} INFO - 
================================================================================
DAG File Processing Stats

File Path                          PID    Runtime      # DAGs    # Errors  Last Runtime    Last Run
---------------------------------  -----  ---------  --------  ----------  --------------  -------------------
/opt/airflow/dags/pipeline_dag.py                           1           0  0.19s           2026-03-19T08:19:21
================================================================================
[2026-03-19T08:20:18.359+0000] {manager.py:878} INFO - 
================================================================================
DAG File Processing Stats

File Path                          PID    Runtime      # DAGs    # Errors  Last Runtime    Last Run
---------------------------------  -----  ---------  --------  ----------  --------------  -------------------
/opt/airflow/dags/pipeline_dag.py                           1           0  0.23s           2026-03-19T08:19:52
================================================================================
[2026-03-19T08:20:48.756+0000] {manager.py:878} INFO - 
================================================================================
DAG File Processing Stats

File Path                          PID    Runtime      # DAGs    # Errors  Last Runtime    Last Run
---------------------------------  -----  ---------  --------  ----------  --------------  -------------------
/opt/airflow/dags/pipeline_dag.py                           1           0  0.39s           2026-03-19T08:20:22
================================================================================
[2026-03-19T08:21:18.760+0000] {manager.py:878} INFO - 
================================================================================
DAG File Processing Stats

File Path                          PID    Runtime      # DAGs    # Errors  Last Runtime    Last Run
---------------------------------  -----  ---------  --------  ----------  --------------  -------------------
/opt/airflow/dags/pipeline_dag.py                           1           0  0.33s           2026-03-19T08:20:53
================================================================================
[2026-03-19T08:21:49.002+0000] {manager.py:878} INFO - 
================================================================================
DAG File Processing Stats

File Path                          PID    Runtime      # DAGs    # Errors  Last Runtime    Last Run
---------------------------------  -----  ---------  --------  ----------  --------------  -------------------
/opt/airflow/dags/pipeline_dag.py                           1           0  0.19s           2026-03-19T08:21:24
================================================================================
[2026-03-19T08:22:19.388+0000] {manager.py:878} INFO - 
================================================================================
DAG File Processing Stats

File Path                          PID    Runtime      # DAGs    # Errors  Last Runtime    Last Run
---------------------------------  -----  ---------  --------  ----------  --------------  -------------------
/opt/airflow/dags/pipeline_dag.py                           1           0  0.19s           2026-03-19T08:21:54
================================================================================
[2026-03-19T08:22:49.627+0000] {manager.py:878} INFO - 
================================================================================
DAG File Processing Stats

File Path                          PID    Runtime      # DAGs    # Errors  Last Runtime    Last Run
---------------------------------  -----  ---------  --------  ----------  --------------  -------------------
/opt/airflow/dags/pipeline_dag.py                           1           0  0.16s           2026-03-19T08:22:24
================================================================================
[2026-03-19T08:23:10.907+0000] {manager.py:737} INFO - Searching for files in /opt/airflow/dags
[2026-03-19T08:23:10.937+0000] {manager.py:740} INFO - There are 1 files in /opt/airflow/dags
[2026-03-19T08:23:20.023+0000] {manager.py:878} INFO - 
================================================================================
DAG File Processing Stats

File Path                          PID    Runtime      # DAGs    # Errors  Last Runtime    Last Run
---------------------------------  -----  ---------  --------  ----------  --------------  -------------------
/opt/airflow/dags/pipeline_dag.py                           1           0  0.19s           2026-03-19T08:22:54
================================================================================
[2026-03-19T08:23:50.273+0000] {manager.py:878} INFO - 
================================================================================
DAG File Processing Stats

File Path                          PID    Runtime      # DAGs    # Errors  Last Runtime    Last Run
---------------------------------  -----  ---------  --------  ----------  --------------  -------------------
/opt/airflow/dags/pipeline_dag.py                           1           0  0.16s           2026-03-19T08:23:25
================================================================================
[2026-03-19T08:24:20.611+0000] {manager.py:878} INFO - 
================================================================================
DAG File Processing Stats

File Path                          PID    Runtime      # DAGs    # Errors  Last Runtime    Last Run
---------------------------------  -----  ---------  --------  ----------  --------------  -------------------
/opt/airflow/dags/pipeline_dag.py                           1           0  0.16s           2026-03-19T08:23:55
================================================================================
[2026-03-19T08:24:50.864+0000] {manager.py:878} INFO - 
================================================================================
DAG File Processing Stats

File Path                          PID    Runtime      # DAGs    # Errors  Last Runtime    Last Run
---------------------------------  -----  ---------  --------  ----------  --------------  -------------------
/opt/airflow/dags/pipeline_dag.py                           1           0  0.25s           2026-03-19T08:24:25
================================================================================
[2026-03-19T08:25:21.332+0000] {manager.py:878} INFO - 
================================================================================
DAG File Processing Stats

File Path                          PID    Runtime      # DAGs    # Errors  Last Runtime    Last Run
---------------------------------  -----  ---------  --------  ----------  --------------  -------------------
/opt/airflow/dags/pipeline_dag.py                           1           0  0.29s           2026-03-19T08:24:56
================================================================================
[2026-03-19T08:25:51.813+0000] {manager.py:878} INFO - 
================================================================================
DAG File Processing Stats

File Path                          PID    Runtime      # DAGs    # Errors  Last Runtime    Last Run
---------------------------------  -----  ---------  --------  ----------  --------------  -------------------
/opt/airflow/dags/pipeline_dag.py                           1           0  0.19s           2026-03-19T08:25:26
================================================================================
[2026-03-19T08:26:22.222+0000] {manager.py:878} INFO - 
================================================================================
DAG File Processing Stats

File Path                          PID    Runtime      # DAGs    # Errors  Last Runtime    Last Run
---------------------------------  -----  ---------  --------  ----------  --------------  -------------------
/opt/airflow/dags/pipeline_dag.py                           1           0  0.20s           2026-03-19T08:25:57
================================================================================
[2026-03-19T08:26:52.498+0000] {manager.py:878} INFO - 
================================================================================
DAG File Processing Stats

File Path                          PID    Runtime      # DAGs    # Errors  Last Runtime    Last Run
---------------------------------  -----  ---------  --------  ----------  --------------  -------------------
/opt/airflow/dags/pipeline_dag.py                           1           0  0.20s           2026-03-19T08:26:27
================================================================================
[2026-03-19T08:27:22.861+0000] {manager.py:878} INFO - 
================================================================================
DAG File Processing Stats

File Path                          PID    Runtime      # DAGs    # Errors  Last Runtime    Last Run
---------------------------------  -----  ---------  --------  ----------  --------------  -------------------
/opt/airflow/dags/pipeline_dag.py                           1           0  0.21s           2026-03-19T08:26:57
================================================================================
[2026-03-19T08:27:53.131+0000] {manager.py:878} INFO - 
================================================================================
DAG File Processing Stats

File Path                          PID    Runtime      # DAGs    # Errors  Last Runtime    Last Run
---------------------------------  -----  ---------  --------  ----------  --------------  -------------------
/opt/airflow/dags/pipeline_dag.py                           1           0  0.19s           2026-03-19T08:27:28
================================================================================
[2026-03-19T08:28:11.388+0000] {manager.py:737} INFO - Searching for files in /opt/airflow/dags
[2026-03-19T08:28:11.423+0000] {manager.py:740} INFO - There are 1 files in /opt/airflow/dags
[2026-03-19T08:28:23.520+0000] {manager.py:878} INFO - 
================================================================================
DAG File Processing Stats

File Path                          PID    Runtime      # DAGs    # Errors  Last Runtime    Last Run
---------------------------------  -----  ---------  --------  ----------  --------------  -------------------
/opt/airflow/dags/pipeline_dag.py                           1           0  0.24s           2026-03-19T08:27:58
================================================================================
[2026-03-19T08:28:53.763+0000] {manager.py:878} INFO - 
================================================================================
DAG File Processing Stats

File Path                          PID    Runtime      # DAGs    # Errors  Last Runtime    Last Run
---------------------------------  -----  ---------  --------  ----------  --------------  -------------------
/opt/airflow/dags/pipeline_dag.py                           1           0  0.18s           2026-03-19T08:28:28
================================================================================
[2026-03-19T08:29:24.079+0000] {manager.py:878} INFO - 
================================================================================
DAG File Processing Stats

File Path                          PID    Runtime      # DAGs    # Errors  Last Runtime    Last Run
---------------------------------  -----  ---------  --------  ----------  --------------  -------------------
/opt/airflow/dags/pipeline_dag.py                           1           0  0.17s           2026-03-19T08:28:58
================================================================================
[2026-03-19T08:29:54.324+0000] {manager.py:878} INFO - 
================================================================================
DAG File Processing Stats

File Path                          PID    Runtime      # DAGs    # Errors  Last Runtime    Last Run
---------------------------------  -----  ---------  --------  ----------  --------------  -------------------
/opt/airflow/dags/pipeline_dag.py                           1           0  0.17s           2026-03-19T08:29:29
================================================================================
[2026-03-19T08:30:24.676+0000] {manager.py:878} INFO - 
================================================================================
DAG File Processing Stats

File Path                          PID    Runtime      # DAGs    # Errors  Last Runtime    Last Run
---------------------------------  -----  ---------  --------  ----------  --------------  -------------------
/opt/airflow/dags/pipeline_dag.py                           1           0  0.22s           2026-03-19T08:29:59
================================================================================
[2026-03-19T08:30:55.001+0000] {manager.py:878} INFO - 
================================================================================
DAG File Processing Stats

File Path                          PID    Runtime      # DAGs    # Errors  Last Runtime    Last Run
---------------------------------  -----  ---------  --------  ----------  --------------  -------------------
/opt/airflow/dags/pipeline_dag.py                           1           0  0.19s           2026-03-19T08:30:29
================================================================================
[2026-03-19T08:31:25.325+0000] {manager.py:878} INFO - 
================================================================================
DAG File Processing Stats

File Path                          PID    Runtime      # DAGs    # Errors  Last Runtime    Last Run
---------------------------------  -----  ---------  --------  ----------  --------------  -------------------
/opt/airflow/dags/pipeline_dag.py                           1           0  0.20s           2026-03-19T08:31:00
================================================================================
[2026-03-19T08:31:55.610+0000] {manager.py:878} INFO - 
================================================================================
DAG File Processing Stats

File Path                          PID    Runtime      # DAGs    # Errors  Last Runtime    Last Run
---------------------------------  -----  ---------  --------  ----------  --------------  -------------------
/opt/airflow/dags/pipeline_dag.py                           1           0  0.18s           2026-03-19T08:31:30
================================================================================
[2026-03-19T08:32:25.944+0000] {manager.py:878} INFO - 
================================================================================
DAG File Processing Stats

File Path                          PID    Runtime      # DAGs    # Errors  Last Runtime    Last Run
---------------------------------  -----  ---------  --------  ----------  --------------  -------------------
/opt/airflow/dags/pipeline_dag.py                           1           0  0.21s           2026-03-19T08:32:00
================================================================================
[2026-03-19T08:32:56.238+0000] {manager.py:878} INFO - 
================================================================================
DAG File Processing Stats

File Path                          PID    Runtime      # DAGs    # Errors  Last Runtime    Last Run
---------------------------------  -----  ---------  --------  ----------  --------------  -------------------
/opt/airflow/dags/pipeline_dag.py                           1           0  0.20s           2026-03-19T08:32:31
================================================================================
[2026-03-19T08:33:11.486+0000] {manager.py:737} INFO - Searching for files in /opt/airflow/dags
[2026-03-19T08:33:11.507+0000] {manager.py:740} INFO - There are 1 files in /opt/airflow/dags
[2026-03-19T08:33:26.628+0000] {manager.py:878} INFO - 
================================================================================
DAG File Processing Stats

File Path                          PID    Runtime      # DAGs    # Errors  Last Runtime    Last Run
---------------------------------  -----  ---------  --------  ----------  --------------  -------------------
/opt/airflow/dags/pipeline_dag.py                           1           0  0.20s           2026-03-19T08:33:01
================================================================================
[2026-03-19T08:33:56.848+0000] {manager.py:878} INFO - 
================================================================================
DAG File Processing Stats

File Path                          PID    Runtime      # DAGs    # Errors  Last Runtime    Last Run
---------------------------------  -----  ---------  --------  ----------  --------------  -------------------
/opt/airflow/dags/pipeline_dag.py                           1           0  0.19s           2026-03-19T08:33:31
================================================================================
[2026-03-19T08:34:27.209+0000] {manager.py:878} INFO - 
================================================================================
DAG File Processing Stats

File Path                          PID    Runtime      # DAGs    # Errors  Last Runtime    Last Run
---------------------------------  -----  ---------  --------  ----------  --------------  -------------------
/opt/airflow/dags/pipeline_dag.py                           1           0  0.20s           2026-03-19T08:34:02
================================================================================
[2026-03-19T08:34:57.512+0000] {manager.py:878} INFO - 
================================================================================
DAG File Processing Stats

File Path                          PID    Runtime      # DAGs    # Errors  Last Runtime    Last Run
---------------------------------  -----  ---------  --------  ----------  --------------  -------------------
/opt/airflow/dags/pipeline_dag.py                           1           0  0.29s           2026-03-19T08:34:32
================================================================================
[2026-03-19T08:35:27.552+0000] {manager.py:878} INFO - 
================================================================================
DAG File Processing Stats

File Path                          PID    Runtime      # DAGs    # Errors  Last Runtime    Last Run
---------------------------------  -----  ---------  --------  ----------  --------------  -------------------
/opt/airflow/dags/pipeline_dag.py                           1           0  0.50s           2026-03-19T08:35:03
================================================================================
[2026-03-19T08:35:57.791+0000] {manager.py:878} INFO - 
================================================================================
DAG File Processing Stats

File Path                          PID    Runtime      # DAGs    # Errors  Last Runtime    Last Run
---------------------------------  -----  ---------  --------  ----------  --------------  -------------------
/opt/airflow/dags/pipeline_dag.py                           1           0  0.21s           2026-03-19T08:35:33
================================================================================
[2026-03-19T08:36:28.192+0000] {manager.py:878} INFO - 
================================================================================
DAG File Processing Stats

File Path                          PID    Runtime      # DAGs    # Errors  Last Runtime    Last Run
---------------------------------  -----  ---------  --------  ----------  --------------  -------------------
/opt/airflow/dags/pipeline_dag.py                           1           0  0.21s           2026-03-19T08:36:04
================================================================================
[2026-03-19T08:36:58.481+0000] {manager.py:878} INFO - 
================================================================================
DAG File Processing Stats

File Path                          PID    Runtime      # DAGs    # Errors  Last Runtime    Last Run
---------------------------------  -----  ---------  --------  ----------  --------------  -------------------
/opt/airflow/dags/pipeline_dag.py                           1           0  0.17s           2026-03-19T08:36:34
================================================================================
[2026-03-19T08:37:28.850+0000] {manager.py:878} INFO - 
================================================================================
DAG File Processing Stats

File Path                          PID    Runtime      # DAGs    # Errors  Last Runtime    Last Run
---------------------------------  -----  ---------  --------  ----------  --------------  -------------------
/opt/airflow/dags/pipeline_dag.py                           1           0  0.21s           2026-03-19T08:37:04
================================================================================
[2026-03-19T08:37:59.090+0000] {manager.py:878} INFO - 
================================================================================
DAG File Processing Stats

File Path                          PID    Runtime      # DAGs    # Errors  Last Runtime    Last Run
---------------------------------  -----  ---------  --------  ----------  --------------  -------------------
/opt/airflow/dags/pipeline_dag.py                           1           0  0.19s           2026-03-19T08:37:35
================================================================================
[2026-03-19T08:38:12.355+0000] {manager.py:737} INFO - Searching for files in /opt/airflow/dags
[2026-03-19T08:38:12.389+0000] {manager.py:740} INFO - There are 1 files in /opt/airflow/dags
[2026-03-19T08:38:29.523+0000] {manager.py:878} INFO - 
================================================================================
DAG File Processing Stats

File Path                          PID    Runtime      # DAGs    # Errors  Last Runtime    Last Run
---------------------------------  -----  ---------  --------  ----------  --------------  -------------------
/opt/airflow/dags/pipeline_dag.py                           1           0  0.21s           2026-03-19T08:38:05
================================================================================
[2026-03-19T08:38:59.757+0000] {manager.py:878} INFO - 
================================================================================
DAG File Processing Stats

File Path                          PID    Runtime      # DAGs    # Errors  Last Runtime    Last Run
---------------------------------  -----  ---------  --------  ----------  --------------  -------------------
/opt/airflow/dags/pipeline_dag.py                           1           0  0.22s           2026-03-19T08:38:35
================================================================================
[2026-03-19T08:39:30.195+0000] {manager.py:878} INFO - 
================================================================================
DAG File Processing Stats

File Path                          PID    Runtime      # DAGs    # Errors  Last Runtime    Last Run
---------------------------------  -----  ---------  --------  ----------  --------------  -------------------
/opt/airflow/dags/pipeline_dag.py                           1           0  0.34s           2026-03-19T08:39:06
================================================================================
[2026-03-19T08:40:00.725+0000] {manager.py:878} INFO - 
================================================================================
DAG File Processing Stats

File Path                          PID    Runtime      # DAGs    # Errors  Last Runtime    Last Run
---------------------------------  -----  ---------  --------  ----------  --------------  -------------------
/opt/airflow/dags/pipeline_dag.py                           1           0  0.28s           2026-03-19T08:39:36
================================================================================
[2026-03-19T08:40:31.236+0000] {manager.py:878} INFO - 
================================================================================
DAG File Processing Stats

File Path                          PID    Runtime      # DAGs    # Errors  Last Runtime    Last Run
---------------------------------  -----  ---------  --------  ----------  --------------  -------------------
/opt/airflow/dags/pipeline_dag.py                           1           0  0.23s           2026-03-19T08:40:07
================================================================================
[2026-03-19T08:41:01.639+0000] {manager.py:878} INFO - 
================================================================================
DAG File Processing Stats

File Path                          PID    Runtime      # DAGs    # Errors  Last Runtime    Last Run
---------------------------------  -----  ---------  --------  ----------  --------------  -------------------
/opt/airflow/dags/pipeline_dag.py                           1           0  0.23s           2026-03-19T08:40:37
================================================================================
[2026-03-19T08:41:31.981+0000] {manager.py:878} INFO - 
================================================================================
DAG File Processing Stats

File Path                          PID    Runtime      # DAGs    # Errors  Last Runtime    Last Run
---------------------------------  -----  ---------  --------  ----------  --------------  -------------------
/opt/airflow/dags/pipeline_dag.py                           1           0  5.49s           2026-03-19T08:41:13
================================================================================
[2026-03-19T08:42:02.566+0000] {manager.py:878} INFO - 
================================================================================
DAG File Processing Stats

File Path                          PID    Runtime      # DAGs    # Errors  Last Runtime    Last Run
---------------------------------  -----  ---------  --------  ----------  --------------  -------------------
/opt/airflow/dags/pipeline_dag.py                           1           0  0.41s           2026-03-19T08:41:43
================================================================================
[2026-03-19T08:42:23.397+0000] {manager.py:452} INFO - Exiting gracefully upon receiving signal 15
[2026-03-19T11:27:28.654+0000] {manager.py:470} INFO - Processing files using up to 2 processes at a time 
[2026-03-19T11:27:28.657+0000] {manager.py:471} INFO - Process each file at most once every 30 seconds
[2026-03-19T11:27:28.659+0000] {manager.py:472} INFO - Checking for new files in /opt/airflow/dags every 300 seconds
[2026-03-19T11:27:28.662+0000] {manager.py:737} INFO - Searching for files in /opt/airflow/dags
[2026-03-19T11:27:28.706+0000] {manager.py:740} INFO - There are 1 files in /opt/airflow/dags
[2026-03-19T11:27:28.860+0000] {manager.py:878} INFO - 
================================================================================
DAG File Processing Stats

File Path                            PID  Runtime      # DAGs    # Errors  Last Runtime    Last Run
---------------------------------  -----  ---------  --------  ----------  --------------  ----------
/opt/airflow/dags/pipeline_dag.py    215  0.06s             0           0
================================================================================
[2026-03-19T11:27:59.052+0000] {manager.py:878} INFO - 
================================================================================
DAG File Processing Stats

File Path                            PID  Runtime      # DAGs    # Errors  Last Runtime    Last Run
---------------------------------  -----  ---------  --------  ----------  --------------  -------------------
/opt/airflow/dags/pipeline_dag.py    244  0.00s             1           0  0.21s           2026-03-19T11:27:29
================================================================================
[2026-03-19T11:28:29.311+0000] {manager.py:878} INFO - 
================================================================================
DAG File Processing Stats

File Path                          PID    Runtime      # DAGs    # Errors  Last Runtime    Last Run
---------------------------------  -----  ---------  --------  ----------  --------------  -------------------
/opt/airflow/dags/pipeline_dag.py                           1           0  0.30s           2026-03-19T11:27:59
================================================================================
[2026-03-19T11:28:59.693+0000] {manager.py:878} INFO - 
================================================================================
DAG File Processing Stats

File Path                            PID  Runtime      # DAGs    # Errors  Last Runtime    Last Run
---------------------------------  -----  ---------  --------  ----------  --------------  -------------------
/opt/airflow/dags/pipeline_dag.py    273  0.00s             1           0  0.14s           2026-03-19T11:28:29
================================================================================
[2026-03-19T11:29:30.061+0000] {manager.py:878} INFO - 
================================================================================
DAG File Processing Stats

File Path                            PID  Runtime      # DAGs    # Errors  Last Runtime    Last Run
---------------------------------  -----  ---------  --------  ----------  --------------  -------------------
/opt/airflow/dags/pipeline_dag.py    278  0.01s             1           0  0.17s           2026-03-19T11:28:59
================================================================================
[2026-03-19T11:30:00.273+0000] {manager.py:878} INFO - 
================================================================================
DAG File Processing Stats

File Path                          PID    Runtime      # DAGs    # Errors  Last Runtime    Last Run
---------------------------------  -----  ---------  --------  ----------  --------------  -------------------
/opt/airflow/dags/pipeline_dag.py                           1           0  0.27s           2026-03-19T11:29:30
================================================================================
[2026-03-19T11:30:30.689+0000] {manager.py:878} INFO - 
================================================================================
DAG File Processing Stats

File Path                            PID  Runtime      # DAGs    # Errors  Last Runtime    Last Run
---------------------------------  -----  ---------  --------  ----------  --------------  -------------------
/opt/airflow/dags/pipeline_dag.py    311  0.01s             1           0  0.16s           2026-03-19T11:30:00
================================================================================
[2026-03-19T11:31:01.040+0000] {manager.py:878} INFO - 
================================================================================
DAG File Processing Stats

File Path                            PID  Runtime      # DAGs    # Errors  Last Runtime    Last Run
---------------------------------  -----  ---------  --------  ----------  --------------  -------------------
/opt/airflow/dags/pipeline_dag.py    316  0.01s             1           0  0.23s           2026-03-19T11:30:30
================================================================================
[2026-03-19T11:31:31.358+0000] {manager.py:878} INFO - 
================================================================================
DAG File Processing Stats

File Path                            PID  Runtime      # DAGs    # Errors  Last Runtime    Last Run
---------------------------------  -----  ---------  --------  ----------  --------------  -------------------
/opt/airflow/dags/pipeline_dag.py    340  0.00s             1           0  0.13s           2026-03-19T11:31:01
================================================================================
[2026-03-19T11:32:01.538+0000] {manager.py:878} INFO - 
================================================================================
DAG File Processing Stats

File Path                          PID    Runtime      # DAGs    # Errors  Last Runtime    Last Run
---------------------------------  -----  ---------  --------  ----------  --------------  -------------------
/opt/airflow/dags/pipeline_dag.py                           1           0  0.19s           2026-03-19T11:31:31
================================================================================
[2026-03-19T11:32:28.840+0000] {manager.py:737} INFO - Searching for files in /opt/airflow/dags
[2026-03-19T11:32:28.856+0000] {manager.py:740} INFO - There are 1 files in /opt/airflow/dags
[2026-03-19T11:32:31.902+0000] {manager.py:878} INFO - 
================================================================================
DAG File Processing Stats

File Path                            PID  Runtime      # DAGs    # Errors  Last Runtime    Last Run
---------------------------------  -----  ---------  --------  ----------  --------------  -------------------
/opt/airflow/dags/pipeline_dag.py    350  0.00s             1           0  0.13s           2026-03-19T11:32:01
================================================================================
[2026-03-19T11:33:02.157+0000] {manager.py:878} INFO - 
================================================================================
DAG File Processing Stats

File Path                            PID  Runtime      # DAGs    # Errors  Last Runtime    Last Run
---------------------------------  -----  ---------  --------  ----------  --------------  -------------------
/opt/airflow/dags/pipeline_dag.py    355  0.00s             1           0  0.13s           2026-03-19T11:32:32
================================================================================
[2026-03-19T11:33:32.349+0000] {manager.py:878} INFO - 
================================================================================
DAG File Processing Stats

File Path                            PID  Runtime      # DAGs    # Errors  Last Runtime    Last Run
---------------------------------  -----  ---------  --------  ----------  --------------  -------------------
/opt/airflow/dags/pipeline_dag.py    360  0.00s             1           0  0.14s           2026-03-19T11:33:02
================================================================================
[2026-03-19T11:34:02.614+0000] {manager.py:878} INFO - 
================================================================================
DAG File Processing Stats

File Path                            PID  Runtime      # DAGs    # Errors  Last Runtime    Last Run
---------------------------------  -----  ---------  --------  ----------  --------------  -------------------
/opt/airflow/dags/pipeline_dag.py    365  0.00s             1           0  0.13s           2026-03-19T11:33:32
================================================================================
[2026-03-19T11:34:32.823+0000] {manager.py:878} INFO - 
================================================================================
DAG File Processing Stats

File Path                            PID  Runtime      # DAGs    # Errors  Last Runtime    Last Run
---------------------------------  -----  ---------  --------  ----------  --------------  -------------------
/opt/airflow/dags/pipeline_dag.py    370  0.01s             1           0  0.15s           2026-03-19T11:34:02
================================================================================
[2026-03-19T11:35:03.098+0000] {manager.py:878} INFO - 
================================================================================
DAG File Processing Stats

File Path                            PID  Runtime      # DAGs    # Errors  Last Runtime    Last Run
---------------------------------  -----  ---------  --------  ----------  --------------  -------------------
/opt/airflow/dags/pipeline_dag.py    381  0.01s             1           0  0.17s           2026-03-19T11:34:32
================================================================================
[2026-03-19T11:35:33.316+0000] {manager.py:878} INFO - 
================================================================================
DAG File Processing Stats

File Path                            PID  Runtime      # DAGs    # Errors  Last Runtime    Last Run
---------------------------------  -----  ---------  --------  ----------  --------------  -------------------
/opt/airflow/dags/pipeline_dag.py    403  0.00s             1           0  0.14s           2026-03-19T11:35:03
================================================================================
[2026-03-19T11:36:03.543+0000] {manager.py:878} INFO - 
================================================================================
DAG File Processing Stats

File Path                            PID  Runtime      # DAGs    # Errors  Last Runtime    Last Run
---------------------------------  -----  ---------  --------  ----------  --------------  -------------------
/opt/airflow/dags/pipeline_dag.py    408  0.00s             1           0  0.14s           2026-03-19T11:35:33
================================================================================
[2026-03-19T11:36:33.781+0000] {manager.py:878} INFO - 
================================================================================
DAG File Processing Stats

File Path                            PID  Runtime      # DAGs    # Errors  Last Runtime    Last Run
---------------------------------  -----  ---------  --------  ----------  --------------  -------------------
/opt/airflow/dags/pipeline_dag.py    432  0.00s             1           0  0.16s           2026-03-19T11:36:03
================================================================================
[2026-03-19T11:37:04.077+0000] {manager.py:878} INFO - 
================================================================================
DAG File Processing Stats

File Path                            PID  Runtime      # DAGs    # Errors  Last Runtime    Last Run
---------------------------------  -----  ---------  --------  ----------  --------------  -------------------
/opt/airflow/dags/pipeline_dag.py    437  0.00s             1           0  0.13s           2026-03-19T11:36:33
================================================================================
[2026-03-19T11:37:29.256+0000] {manager.py:737} INFO - Searching for files in /opt/airflow/dags
[2026-03-19T11:37:29.270+0000] {manager.py:740} INFO - There are 1 files in /opt/airflow/dags
[2026-03-19T11:37:34.327+0000] {manager.py:878} INFO - 
================================================================================
DAG File Processing Stats

File Path                            PID  Runtime      # DAGs    # Errors  Last Runtime    Last Run
---------------------------------  -----  ---------  --------  ----------  --------------  -------------------
/opt/airflow/dags/pipeline_dag.py    442  0.00s             1           0  0.15s           2026-03-19T11:37:04
================================================================================
[2026-03-19T11:38:04.586+0000] {manager.py:878} INFO - 
================================================================================
DAG File Processing Stats

File Path                            PID  Runtime      # DAGs    # Errors  Last Runtime    Last Run
---------------------------------  -----  ---------  --------  ----------  --------------  -------------------
/opt/airflow/dags/pipeline_dag.py    447  0.00s             1           0  0.15s           2026-03-19T11:37:34
================================================================================
[2026-03-19T11:38:34.814+0000] {manager.py:878} INFO - 
================================================================================
DAG File Processing Stats

File Path                            PID  Runtime      # DAGs    # Errors  Last Runtime    Last Run
---------------------------------  -----  ---------  --------  ----------  --------------  -------------------
/opt/airflow/dags/pipeline_dag.py    452  0.01s             1           0  0.13s           2026-03-19T11:38:04
================================================================================
[2026-03-19T11:39:05.032+0000] {manager.py:878} INFO - 
================================================================================
DAG File Processing Stats

File Path                            PID  Runtime      # DAGs    # Errors  Last Runtime    Last Run
---------------------------------  -----  ---------  --------  ----------  --------------  -------------------
/opt/airflow/dags/pipeline_dag.py    457  0.00s             1           0  0.15s           2026-03-19T11:38:34
================================================================================
[2026-03-19T11:39:35.276+0000] {manager.py:878} INFO - 
================================================================================
DAG File Processing Stats

File Path                            PID  Runtime      # DAGs    # Errors  Last Runtime    Last Run
---------------------------------  -----  ---------  --------  ----------  --------------  -------------------
/opt/airflow/dags/pipeline_dag.py    462  0.00s             1           0  0.12s           2026-03-19T11:39:05
================================================================================
[2026-03-19T11:40:05.479+0000] {manager.py:878} INFO - 
================================================================================
DAG File Processing Stats

File Path                            PID  Runtime      # DAGs    # Errors  Last Runtime    Last Run
---------------------------------  -----  ---------  --------  ----------  --------------  -------------------
/opt/airflow/dags/pipeline_dag.py    473  0.00s             1           0  0.17s           2026-03-19T11:39:35
================================================================================
[2026-03-19T11:40:35.818+0000] {manager.py:878} INFO - 
================================================================================
DAG File Processing Stats

File Path                            PID  Runtime      # DAGs    # Errors  Last Runtime    Last Run
---------------------------------  -----  ---------  --------  ----------  --------------  -------------------
/opt/airflow/dags/pipeline_dag.py    495  0.01s             1           0  0.16s           2026-03-19T11:40:05
================================================================================
[2026-03-19T11:41:06.019+0000] {manager.py:878} INFO - 
================================================================================
DAG File Processing Stats

File Path                            PID  Runtime      # DAGs    # Errors  Last Runtime    Last Run
---------------------------------  -----  ---------  --------  ----------  --------------  -------------------
/opt/airflow/dags/pipeline_dag.py    500  0.00s             1           0  0.13s           2026-03-19T11:40:35
================================================================================
[2026-03-19T11:41:36.290+0000] {manager.py:878} INFO - 
================================================================================
DAG File Processing Stats

File Path                            PID  Runtime      # DAGs    # Errors  Last Runtime    Last Run
---------------------------------  -----  ---------  --------  ----------  --------------  -------------------
/opt/airflow/dags/pipeline_dag.py    524  0.00s             1           0  0.18s           2026-03-19T11:41:06
================================================================================
[2026-03-19T11:42:06.524+0000] {manager.py:878} INFO - 
================================================================================
DAG File Processing Stats

File Path                          PID    Runtime      # DAGs    # Errors  Last Runtime    Last Run
---------------------------------  -----  ---------  --------  ----------  --------------  -------------------
/opt/airflow/dags/pipeline_dag.py                           1           0  0.25s           2026-03-19T11:41:36
================================================================================
[2026-03-19T11:42:29.835+0000] {manager.py:737} INFO - Searching for files in /opt/airflow/dags
[2026-03-19T11:42:29.858+0000] {manager.py:740} INFO - There are 1 files in /opt/airflow/dags
[2026-03-19T11:42:36.922+0000] {manager.py:878} INFO - 
================================================================================
DAG File Processing Stats

File Path                            PID  Runtime      # DAGs    # Errors  Last Runtime    Last Run
---------------------------------  -----  ---------  --------  ----------  --------------  -------------------
/opt/airflow/dags/pipeline_dag.py    534  0.01s             1           0  0.16s           2026-03-19T11:42:06
================================================================================
[2026-03-19T11:43:07.194+0000] {manager.py:878} INFO - 
================================================================================
DAG File Processing Stats

File Path                            PID  Runtime      # DAGs    # Errors  Last Runtime    Last Run
---------------------------------  -----  ---------  --------  ----------  --------------  -------------------
/opt/airflow/dags/pipeline_dag.py    539  0.00s             1           0  0.15s           2026-03-19T11:42:37
================================================================================
[2026-03-19T11:43:37.411+0000] {manager.py:878} INFO - 
================================================================================
DAG File Processing Stats

File Path                            PID  Runtime      # DAGs    # Errors  Last Runtime    Last Run
---------------------------------  -----  ---------  --------  ----------  --------------  -------------------
/opt/airflow/dags/pipeline_dag.py    544  0.00s             1           0  0.14s           2026-03-19T11:43:07
================================================================================
[2026-03-19T11:44:07.679+0000] {manager.py:878} INFO - 
================================================================================
DAG File Processing Stats

File Path                            PID  Runtime      # DAGs    # Errors  Last Runtime    Last Run
---------------------------------  -----  ---------  --------  ----------  --------------  -------------------
/opt/airflow/dags/pipeline_dag.py    549  0.01s             1           0  0.14s           2026-03-19T11:43:37
================================================================================
[2026-03-19T11:44:37.898+0000] {manager.py:878} INFO - 
================================================================================
DAG File Processing Stats

File Path                            PID  Runtime      # DAGs    # Errors  Last Runtime    Last Run
---------------------------------  -----  ---------  --------  ----------  --------------  -------------------
/opt/airflow/dags/pipeline_dag.py    554  0.01s             1           0  0.16s           2026-03-19T11:44:07
================================================================================
[2026-03-19T11:45:08.192+0000] {manager.py:878} INFO - 
================================================================================
DAG File Processing Stats

File Path                            PID  Runtime      # DAGs    # Errors  Last Runtime    Last Run
---------------------------------  -----  ---------  --------  ----------  --------------  -------------------
/opt/airflow/dags/pipeline_dag.py    582  0.01s             1           0  0.20s           2026-03-19T11:44:38
================================================================================
[2026-03-19T11:45:38.475+0000] {manager.py:878} INFO - 
================================================================================
DAG File Processing Stats

File Path                            PID  Runtime      # DAGs    # Errors  Last Runtime    Last Run
---------------------------------  -----  ---------  --------  ----------  --------------  -------------------
/opt/airflow/dags/pipeline_dag.py    587  0.00s             1           0  0.16s           2026-03-19T11:45:08
================================================================================
[2026-03-19T11:46:08.676+0000] {manager.py:878} INFO - 
================================================================================
DAG File Processing Stats

File Path                            PID  Runtime      # DAGs    # Errors  Last Runtime    Last Run
---------------------------------  -----  ---------  --------  ----------  --------------  -------------------
/opt/airflow/dags/pipeline_dag.py    611  0.00s             1           0  0.15s           2026-03-19T11:45:38
================================================================================
[2026-03-19T11:46:38.966+0000] {manager.py:878} INFO - 
================================================================================
DAG File Processing Stats

File Path                            PID  Runtime      # DAGs    # Errors  Last Runtime    Last Run
---------------------------------  -----  ---------  --------  ----------  --------------  -------------------
/opt/airflow/dags/pipeline_dag.py    616  0.00s             1           0  0.15s           2026-03-19T11:46:08
================================================================================
[2026-03-19T11:47:09.166+0000] {manager.py:878} INFO - 
================================================================================
DAG File Processing Stats

File Path                            PID  Runtime      # DAGs    # Errors  Last Runtime    Last Run
---------------------------------  -----  ---------  --------  ----------  --------------  -------------------
/opt/airflow/dags/pipeline_dag.py    621  0.01s             1           0  0.17s           2026-03-19T11:46:39
================================================================================
[2026-03-19T11:47:30.393+0000] {manager.py:737} INFO - Searching for files in /opt/airflow/dags
[2026-03-19T11:47:30.407+0000] {manager.py:740} INFO - There are 1 files in /opt/airflow/dags
[2026-03-19T11:47:39.492+0000] {manager.py:878} INFO - 
================================================================================
DAG File Processing Stats

File Path                            PID  Runtime      # DAGs    # Errors  Last Runtime    Last Run
---------------------------------  -----  ---------  --------  ----------  --------------  -------------------
/opt/airflow/dags/pipeline_dag.py    626  0.00s             1           0  0.19s           2026-03-19T11:47:09
================================================================================
[2026-03-19T11:48:09.654+0000] {manager.py:878} INFO - 
================================================================================
DAG File Processing Stats

File Path                          PID    Runtime      # DAGs    # Errors  Last Runtime    Last Run
---------------------------------  -----  ---------  --------  ----------  --------------  -------------------
/opt/airflow/dags/pipeline_dag.py                           1           0  0.18s           2026-03-19T11:47:39
================================================================================
[2026-03-19T11:48:40.001+0000] {manager.py:878} INFO - 
================================================================================
DAG File Processing Stats

File Path                            PID  Runtime      # DAGs    # Errors  Last Runtime    Last Run
---------------------------------  -----  ---------  --------  ----------  --------------  -------------------
/opt/airflow/dags/pipeline_dag.py    636  0.00s             1           0  0.15s           2026-03-19T11:48:09
================================================================================
[2026-03-19T11:49:10.317+0000] {manager.py:878} INFO - 
================================================================================
DAG File Processing Stats

File Path                            PID  Runtime      # DAGs    # Errors  Last Runtime    Last Run
---------------------------------  -----  ---------  --------  ----------  --------------  -------------------
/opt/airflow/dags/pipeline_dag.py    641  0.00s             1           0  0.13s           2026-03-19T11:48:40
================================================================================
[2026-03-19T11:49:40.510+0000] {manager.py:878} INFO - 
================================================================================
DAG File Processing Stats

File Path                            PID  Runtime      # DAGs    # Errors  Last Runtime    Last Run
---------------------------------  -----  ---------  --------  ----------  --------------  -------------------
/opt/airflow/dags/pipeline_dag.py    646  0.01s             1           0  0.15s           2026-03-19T11:49:10
================================================================================
[2026-03-19T11:50:10.809+0000] {manager.py:878} INFO - 
================================================================================
DAG File Processing Stats

File Path                            PID  Runtime      # DAGs    # Errors  Last Runtime    Last Run
---------------------------------  -----  ---------  --------  ----------  --------------  -------------------
/opt/airflow/dags/pipeline_dag.py    674  0.00s             1           0  0.16s           2026-03-19T11:49:40
================================================================================
[2026-03-19T11:50:41.044+0000] {manager.py:878} INFO - 
================================================================================
DAG File Processing Stats

File Path                            PID  Runtime      # DAGs    # Errors  Last Runtime    Last Run
---------------------------------  -----  ---------  --------  ----------  --------------  -------------------
/opt/airflow/dags/pipeline_dag.py    679  0.00s             1           0  0.16s           2026-03-19T11:50:10
================================================================================
[2026-03-19T11:51:11.315+0000] {manager.py:878} INFO - 
================================================================================
DAG File Processing Stats

File Path                            PID  Runtime      # DAGs    # Errors  Last Runtime    Last Run
---------------------------------  -----  ---------  --------  ----------  --------------  -------------------
/opt/airflow/dags/pipeline_dag.py    703  0.01s             1           0  0.13s           2026-03-19T11:50:41
================================================================================
[2026-03-19T11:51:41.505+0000] {manager.py:878} INFO - 
================================================================================
DAG File Processing Stats

File Path                            PID  Runtime      # DAGs    # Errors  Last Runtime    Last Run
---------------------------------  -----  ---------  --------  ----------  --------------  -------------------
/opt/airflow/dags/pipeline_dag.py    708  0.00s             1           0  0.17s           2026-03-19T11:51:11
================================================================================
[2026-03-19T11:52:11.804+0000] {manager.py:878} INFO - 
================================================================================
DAG File Processing Stats

File Path                            PID  Runtime      # DAGs    # Errors  Last Runtime    Last Run
---------------------------------  -----  ---------  --------  ----------  --------------  -------------------
/opt/airflow/dags/pipeline_dag.py    713  0.00s             1           0  0.13s           2026-03-19T11:51:41
================================================================================
[2026-03-19T11:52:30.920+0000] {manager.py:737} INFO - Searching for files in /opt/airflow/dags
[2026-03-19T11:52:30.935+0000] {manager.py:740} INFO - There are 1 files in /opt/airflow/dags
[2026-03-19T11:52:42.018+0000] {manager.py:878} INFO - 
================================================================================
DAG File Processing Stats

File Path                            PID  Runtime      # DAGs    # Errors  Last Runtime    Last Run
---------------------------------  -----  ---------  --------  ----------  --------------  -------------------
/opt/airflow/dags/pipeline_dag.py    718  0.00s             1           0  0.16s           2026-03-19T11:52:11
================================================================================
[2026-03-19T11:53:12.290+0000] {manager.py:878} INFO - 
================================================================================
DAG File Processing Stats

File Path                            PID  Runtime      # DAGs    # Errors  Last Runtime    Last Run
---------------------------------  -----  ---------  --------  ----------  --------------  -------------------
/opt/airflow/dags/pipeline_dag.py    723  0.00s             1           0  0.13s           2026-03-19T11:52:42
================================================================================
[2026-03-19T11:53:42.500+0000] {manager.py:878} INFO - 
================================================================================
DAG File Processing Stats

File Path                            PID  Runtime      # DAGs    # Errors  Last Runtime    Last Run
---------------------------------  -----  ---------  --------  ----------  --------------  -------------------
/opt/airflow/dags/pipeline_dag.py    728  0.01s             1           0  0.13s           2026-03-19T11:53:12
================================================================================
[2026-03-19T11:54:12.747+0000] {manager.py:878} INFO - 
================================================================================
DAG File Processing Stats

File Path                            PID  Runtime      # DAGs    # Errors  Last Runtime    Last Run
---------------------------------  -----  ---------  --------  ----------  --------------  -------------------
/opt/airflow/dags/pipeline_dag.py    733  0.00s             1           0  0.21s           2026-03-19T11:53:42
================================================================================
[2026-03-19T11:54:43.031+0000] {manager.py:878} INFO - 
================================================================================
DAG File Processing Stats

File Path                            PID  Runtime      # DAGs    # Errors  Last Runtime    Last Run
---------------------------------  -----  ---------  --------  ----------  --------------  -------------------
/opt/airflow/dags/pipeline_dag.py    738  0.01s             1           0  0.14s           2026-03-19T11:54:12
================================================================================
[2026-03-19T11:55:13.219+0000] {manager.py:878} INFO - 
================================================================================
DAG File Processing Stats

File Path                            PID  Runtime      # DAGs    # Errors  Last Runtime    Last Run
---------------------------------  -----  ---------  --------  ----------  --------------  -------------------
/opt/airflow/dags/pipeline_dag.py    766  0.00s             1           0  0.12s           2026-03-19T11:54:43
================================================================================
[2026-03-19T11:55:43.448+0000] {manager.py:878} INFO - 
================================================================================
DAG File Processing Stats

File Path                            PID  Runtime      # DAGs    # Errors  Last Runtime    Last Run
---------------------------------  -----  ---------  --------  ----------  --------------  -------------------
/opt/airflow/dags/pipeline_dag.py    771  0.00s             1           0  0.12s           2026-03-19T11:55:13
================================================================================
[2026-03-19T11:56:13.650+0000] {manager.py:878} INFO - 
================================================================================
DAG File Processing Stats

File Path                            PID  Runtime      # DAGs    # Errors  Last Runtime    Last Run
---------------------------------  -----  ---------  --------  ----------  --------------  -------------------
/opt/airflow/dags/pipeline_dag.py    795  0.00s             1           0  0.13s           2026-03-19T11:55:43
================================================================================
[2026-03-19T11:56:43.924+0000] {manager.py:878} INFO - 
================================================================================
DAG File Processing Stats

File Path                            PID  Runtime      # DAGs    # Errors  Last Runtime    Last Run
---------------------------------  -----  ---------  --------  ----------  --------------  -------------------
/opt/airflow/dags/pipeline_dag.py    800  0.00s             1           0  0.13s           2026-03-19T11:56:13
================================================================================
[2026-03-19T11:57:14.139+0000] {manager.py:878} INFO - 
================================================================================
DAG File Processing Stats

File Path                            PID  Runtime      # DAGs    # Errors  Last Runtime    Last Run
---------------------------------  -----  ---------  --------  ----------  --------------  -------------------
/opt/airflow/dags/pipeline_dag.py    805  0.01s             1           0  0.14s           2026-03-19T11:56:44
================================================================================
[2026-03-19T11:57:31.342+0000] {manager.py:737} INFO - Searching for files in /opt/airflow/dags
[2026-03-19T11:57:31.373+0000] {manager.py:740} INFO - There are 1 files in /opt/airflow/dags
[2026-03-19T11:57:44.475+0000] {manager.py:878} INFO - 
================================================================================
DAG File Processing Stats

File Path                            PID  Runtime      # DAGs    # Errors  Last Runtime    Last Run
---------------------------------  -----  ---------  --------  ----------  --------------  -------------------
/opt/airflow/dags/pipeline_dag.py    810  0.00s             1           0  0.16s           2026-03-19T11:57:14
================================================================================
[2026-03-19T11:58:14.666+0000] {manager.py:878} INFO - 
================================================================================
DAG File Processing Stats

File Path                            PID  Runtime      # DAGs    # Errors  Last Runtime    Last Run
---------------------------------  -----  ---------  --------  ----------  --------------  -------------------
/opt/airflow/dags/pipeline_dag.py    815  0.00s             1           0  0.16s           2026-03-19T11:57:44
================================================================================
[2026-03-19T11:58:44.857+0000] {manager.py:878} INFO - 
================================================================================
DAG File Processing Stats

File Path                            PID  Runtime      # DAGs    # Errors  Last Runtime    Last Run
---------------------------------  -----  ---------  --------  ----------  --------------  -------------------
/opt/airflow/dags/pipeline_dag.py    820  0.00s             1           0  0.14s           2026-03-19T11:58:14
================================================================================
[2026-03-19T11:59:15.151+0000] {manager.py:878} INFO - 
================================================================================
DAG File Processing Stats

File Path                            PID  Runtime      # DAGs    # Errors  Last Runtime    Last Run
---------------------------------  -----  ---------  --------  ----------  --------------  -------------------
/opt/airflow/dags/pipeline_dag.py    825  0.01s             1           0  0.13s           2026-03-19T11:58:44
================================================================================
[2026-03-19T11:59:45.352+0000] {manager.py:878} INFO - 
================================================================================
DAG File Processing Stats

File Path                            PID  Runtime      # DAGs    # Errors  Last Runtime    Last Run
---------------------------------  -----  ---------  --------  ----------  --------------  -------------------
/opt/airflow/dags/pipeline_dag.py    830  0.00s             1           0  0.17s           2026-03-19T11:59:15
================================================================================
[2026-03-19T12:00:15.638+0000] {manager.py:878} INFO - 
================================================================================
DAG File Processing Stats

File Path                            PID  Runtime      # DAGs    # Errors  Last Runtime    Last Run
---------------------------------  -----  ---------  --------  ----------  --------------  -------------------
/opt/airflow/dags/pipeline_dag.py    858  0.00s             1           0  0.12s           2026-03-19T11:59:45
================================================================================
[2026-03-19T12:00:45.836+0000] {manager.py:878} INFO - 
================================================================================
DAG File Processing Stats

File Path                            PID  Runtime      # DAGs    # Errors  Last Runtime    Last Run
---------------------------------  -----  ---------  --------  ----------  --------------  -------------------
/opt/airflow/dags/pipeline_dag.py    863  0.00s             1           0  0.11s           2026-03-19T12:00:15
================================================================================
[2026-03-19T12:01:16.097+0000] {manager.py:878} INFO - 
================================================================================
DAG File Processing Stats

File Path                            PID  Runtime      # DAGs    # Errors  Last Runtime    Last Run
---------------------------------  -----  ---------  --------  ----------  --------------  -------------------
/opt/airflow/dags/pipeline_dag.py    887  0.00s             1           0  0.16s           2026-03-19T12:00:45
================================================================================
[2026-03-19T12:01:46.375+0000] {manager.py:878} INFO - 
================================================================================
DAG File Processing Stats

File Path                            PID  Runtime      # DAGs    # Errors  Last Runtime    Last Run
---------------------------------  -----  ---------  --------  ----------  --------------  -------------------
/opt/airflow/dags/pipeline_dag.py    892  0.00s             1           0  0.11s           2026-03-19T12:01:16
================================================================================
[2026-03-19T12:02:16.552+0000] {manager.py:878} INFO - 
================================================================================
DAG File Processing Stats

File Path                            PID  Runtime      # DAGs    # Errors  Last Runtime    Last Run
---------------------------------  -----  ---------  --------  ----------  --------------  -------------------
/opt/airflow/dags/pipeline_dag.py    897  0.01s             1           0  0.11s           2026-03-19T12:01:46
================================================================================
[2026-03-19T12:02:31.701+0000] {manager.py:737} INFO - Searching for files in /opt/airflow/dags
[2026-03-19T12:02:31.714+0000] {manager.py:740} INFO - There are 1 files in /opt/airflow/dags
[2026-03-19T12:02:46.806+0000] {manager.py:878} INFO - 
================================================================================
DAG File Processing Stats

File Path                            PID  Runtime      # DAGs    # Errors  Last Runtime    Last Run
---------------------------------  -----  ---------  --------  ----------  --------------  -------------------
/opt/airflow/dags/pipeline_dag.py    902  0.01s             1           0  0.12s           2026-03-19T12:02:16
================================================================================
[2026-03-19T12:03:16.982+0000] {manager.py:878} INFO - 
================================================================================
DAG File Processing Stats

File Path                            PID  Runtime      # DAGs    # Errors  Last Runtime    Last Run
---------------------------------  -----  ---------  --------  ----------  --------------  -------------------
/opt/airflow/dags/pipeline_dag.py    907  0.00s             1           0  0.10s           2026-03-19T12:02:46
================================================================================
[2026-03-19T12:03:47.255+0000] {manager.py:878} INFO - 
================================================================================
DAG File Processing Stats

File Path                            PID  Runtime      # DAGs    # Errors  Last Runtime    Last Run
---------------------------------  -----  ---------  --------  ----------  --------------  -------------------
/opt/airflow/dags/pipeline_dag.py    912  0.00s             1           0  0.11s           2026-03-19T12:03:17
================================================================================
[2026-03-19T12:04:17.449+0000] {manager.py:878} INFO - 
================================================================================
DAG File Processing Stats

File Path                            PID  Runtime      # DAGs    # Errors  Last Runtime    Last Run
---------------------------------  -----  ---------  --------  ----------  --------------  -------------------
/opt/airflow/dags/pipeline_dag.py    917  0.00s             1           0  0.15s           2026-03-19T12:03:47
================================================================================
[2026-03-19T12:04:47.792+0000] {manager.py:878} INFO - 
================================================================================
DAG File Processing Stats

File Path                            PID  Runtime      # DAGs    # Errors  Last Runtime    Last Run
---------------------------------  -----  ---------  --------  ----------  --------------  -------------------
/opt/airflow/dags/pipeline_dag.py    922  0.00s             1           0  0.15s           2026-03-19T12:04:17
================================================================================
[2026-03-19T12:05:17.973+0000] {manager.py:878} INFO - 
================================================================================
DAG File Processing Stats

File Path                            PID  Runtime      # DAGs    # Errors  Last Runtime    Last Run
---------------------------------  -----  ---------  --------  ----------  --------------  -------------------
/opt/airflow/dags/pipeline_dag.py    950  0.00s             1           0  0.11s           2026-03-19T12:04:47
================================================================================
[2026-03-19T12:05:48.237+0000] {manager.py:878} INFO - 
================================================================================
DAG File Processing Stats

File Path                            PID  Runtime      # DAGs    # Errors  Last Runtime    Last Run
---------------------------------  -----  ---------  --------  ----------  --------------  -------------------
/opt/airflow/dags/pipeline_dag.py    955  0.00s             1           0  0.10s           2026-03-19T12:05:18
================================================================================
[2026-03-19T12:06:18.407+0000] {manager.py:878} INFO - 
================================================================================
DAG File Processing Stats

File Path                          PID    Runtime      # DAGs    # Errors  Last Runtime    Last Run
---------------------------------  -----  ---------  --------  ----------  --------------  -------------------
/opt/airflow/dags/pipeline_dag.py                           1           0  0.30s           2026-03-19T12:05:48
================================================================================
[2026-03-19T12:06:49.023+0000] {manager.py:878} INFO - 
================================================================================
DAG File Processing Stats

File Path                            PID  Runtime      # DAGs    # Errors  Last Runtime    Last Run
---------------------------------  -----  ---------  --------  ----------  --------------  -------------------
/opt/airflow/dags/pipeline_dag.py    984  0.00s             1           0  0.23s           2026-03-19T12:06:18
================================================================================
[2026-03-19T12:07:19.286+0000] {manager.py:878} INFO - 
================================================================================
DAG File Processing Stats

File Path                          PID    Runtime      # DAGs    # Errors  Last Runtime    Last Run
---------------------------------  -----  ---------  --------  ----------  --------------  -------------------
/opt/airflow/dags/pipeline_dag.py                           1           0  0.30s           2026-03-19T12:06:49
================================================================================
[2026-03-19T12:07:31.780+0000] {manager.py:737} INFO - Searching for files in /opt/airflow/dags
[2026-03-19T12:07:31.794+0000] {manager.py:740} INFO - There are 1 files in /opt/airflow/dags
[2026-03-19T12:07:49.636+0000] {manager.py:878} INFO - 
================================================================================
DAG File Processing Stats

File Path                          PID    Runtime      # DAGs    # Errors  Last Runtime    Last Run
---------------------------------  -----  ---------  --------  ----------  --------------  -------------------
/opt/airflow/dags/pipeline_dag.py                           1           0  0.24s           2026-03-19T12:07:19
================================================================================
[2026-03-19T12:08:20.286+0000] {manager.py:878} INFO - 
================================================================================
DAG File Processing Stats

File Path                            PID  Runtime      # DAGs    # Errors  Last Runtime    Last Run
---------------------------------  -----  ---------  --------  ----------  --------------  -------------------
/opt/airflow/dags/pipeline_dag.py    999  0.00s             1           0  0.12s           2026-03-19T12:07:50
================================================================================
[2026-03-19T12:08:50.565+0000] {manager.py:878} INFO - 
================================================================================
DAG File Processing Stats

File Path                            PID  Runtime      # DAGs    # Errors  Last Runtime    Last Run
---------------------------------  -----  ---------  --------  ----------  --------------  -------------------
/opt/airflow/dags/pipeline_dag.py   1004  0.00s             1           0  0.12s           2026-03-19T12:08:20
================================================================================
[2026-03-19T12:09:20.832+0000] {manager.py:878} INFO - 
================================================================================
DAG File Processing Stats

File Path                            PID  Runtime      # DAGs    # Errors  Last Runtime    Last Run
---------------------------------  -----  ---------  --------  ----------  --------------  -------------------
/opt/airflow/dags/pipeline_dag.py   1009  0.00s             1           0  0.11s           2026-03-19T12:08:50
================================================================================
[2026-03-19T12:09:51.106+0000] {manager.py:878} INFO - 
================================================================================
DAG File Processing Stats

File Path                            PID  Runtime      # DAGs    # Errors  Last Runtime    Last Run
---------------------------------  -----  ---------  --------  ----------  --------------  -------------------
/opt/airflow/dags/pipeline_dag.py   1014  0.00s             1           0  0.12s           2026-03-19T12:09:20
================================================================================
[2026-03-19T12:10:21.302+0000] {manager.py:878} INFO - 
================================================================================
DAG File Processing Stats

File Path                            PID  Runtime      # DAGs    # Errors  Last Runtime    Last Run
---------------------------------  -----  ---------  --------  ----------  --------------  -------------------
/opt/airflow/dags/pipeline_dag.py   1042  0.01s             1           0  0.12s           2026-03-19T12:09:51
================================================================================
[2026-03-19T12:10:51.538+0000] {manager.py:878} INFO - 
================================================================================
DAG File Processing Stats

File Path                            PID  Runtime      # DAGs    # Errors  Last Runtime    Last Run
---------------------------------  -----  ---------  --------  ----------  --------------  -------------------
/opt/airflow/dags/pipeline_dag.py   1047  0.00s             1           0  0.11s           2026-03-19T12:10:21
================================================================================
[2026-03-19T12:11:21.740+0000] {manager.py:878} INFO - 
================================================================================
DAG File Processing Stats

File Path                            PID  Runtime      # DAGs    # Errors  Last Runtime    Last Run
---------------------------------  -----  ---------  --------  ----------  --------------  -------------------
/opt/airflow/dags/pipeline_dag.py   1071  0.00s             1           0  0.12s           2026-03-19T12:10:51
================================================================================
[2026-03-19T12:11:52.017+0000] {manager.py:878} INFO - 
================================================================================
DAG File Processing Stats

File Path                            PID  Runtime      # DAGs    # Errors  Last Runtime    Last Run
---------------------------------  -----  ---------  --------  ----------  --------------  -------------------
/opt/airflow/dags/pipeline_dag.py   1076  0.00s             1           0  0.11s           2026-03-19T12:11:21
================================================================================
[2026-03-19T12:12:22.225+0000] {manager.py:878} INFO - 
================================================================================
DAG File Processing Stats

File Path                            PID  Runtime      # DAGs    # Errors  Last Runtime    Last Run
---------------------------------  -----  ---------  --------  ----------  --------------  -------------------
/opt/airflow/dags/pipeline_dag.py   1081  0.00s             1           0  0.11s           2026-03-19T12:11:52
================================================================================
[2026-03-19T12:12:32.344+0000] {manager.py:737} INFO - Searching for files in /opt/airflow/dags
[2026-03-19T12:12:32.356+0000] {manager.py:740} INFO - There are 1 files in /opt/airflow/dags
[2026-03-19T12:12:52.496+0000] {manager.py:878} INFO - 
================================================================================
DAG File Processing Stats

File Path                            PID  Runtime      # DAGs    # Errors  Last Runtime    Last Run
---------------------------------  -----  ---------  --------  ----------  --------------  -------------------
/opt/airflow/dags/pipeline_dag.py   1086  0.00s             1           0  0.12s           2026-03-19T12:12:22
================================================================================
[2026-03-19T12:13:22.701+0000] {manager.py:878} INFO - 
================================================================================
DAG File Processing Stats

File Path                            PID  Runtime      # DAGs    # Errors  Last Runtime    Last Run
---------------------------------  -----  ---------  --------  ----------  --------------  -------------------
/opt/airflow/dags/pipeline_dag.py   1091  0.00s             1           0  0.10s           2026-03-19T12:12:52
================================================================================
[2026-03-19T12:13:52.996+0000] {manager.py:878} INFO - 
================================================================================
DAG File Processing Stats

File Path                            PID  Runtime      # DAGs    # Errors  Last Runtime    Last Run
---------------------------------  -----  ---------  --------  ----------  --------------  -------------------
/opt/airflow/dags/pipeline_dag.py   1096  0.00s             1           0  0.11s           2026-03-19T12:13:22
================================================================================
[2026-03-19T12:14:23.198+0000] {manager.py:878} INFO - 
================================================================================
DAG File Processing Stats

File Path                            PID  Runtime      # DAGs    # Errors  Last Runtime    Last Run
---------------------------------  -----  ---------  --------  ----------  --------------  -------------------
/opt/airflow/dags/pipeline_dag.py   1101  0.01s             1           0  0.11s           2026-03-19T12:13:53
================================================================================
[2026-03-19T12:14:53.462+0000] {manager.py:878} INFO - 
================================================================================
DAG File Processing Stats

File Path                            PID  Runtime      # DAGs    # Errors  Last Runtime    Last Run
---------------------------------  -----  ---------  --------  ----------  --------------  -------------------
/opt/airflow/dags/pipeline_dag.py   1106  0.00s             1           0  0.16s           2026-03-19T12:14:23
================================================================================
[2026-03-19T12:15:23.662+0000] {manager.py:878} INFO - 
================================================================================
DAG File Processing Stats

File Path                            PID  Runtime      # DAGs    # Errors  Last Runtime    Last Run
---------------------------------  -----  ---------  --------  ----------  --------------  -------------------
/opt/airflow/dags/pipeline_dag.py   1134  0.00s             1           0  0.12s           2026-03-19T12:14:53
================================================================================
[2026-03-19T12:15:53.905+0000] {manager.py:878} INFO - 
================================================================================
DAG File Processing Stats

File Path                            PID  Runtime      # DAGs    # Errors  Last Runtime    Last Run
---------------------------------  -----  ---------  --------  ----------  --------------  -------------------
/opt/airflow/dags/pipeline_dag.py   1139  0.00s             1           0  0.11s           2026-03-19T12:15:23
================================================================================
[2026-03-19T12:16:24.108+0000] {manager.py:878} INFO - 
================================================================================
DAG File Processing Stats

File Path                            PID  Runtime      # DAGs    # Errors  Last Runtime    Last Run
---------------------------------  -----  ---------  --------  ----------  --------------  -------------------
/opt/airflow/dags/pipeline_dag.py   1163  0.01s             1           0  0.12s           2026-03-19T12:15:54
================================================================================
[2026-03-19T12:16:54.379+0000] {manager.py:878} INFO - 
================================================================================
DAG File Processing Stats

File Path                            PID  Runtime      # DAGs    # Errors  Last Runtime    Last Run
---------------------------------  -----  ---------  --------  ----------  --------------  -------------------
/opt/airflow/dags/pipeline_dag.py   1168  0.00s             1           0  0.12s           2026-03-19T12:16:24
================================================================================
[2026-03-19T12:17:24.572+0000] {manager.py:878} INFO - 
================================================================================
DAG File Processing Stats

File Path                            PID  Runtime      # DAGs    # Errors  Last Runtime    Last Run
---------------------------------  -----  ---------  --------  ----------  --------------  -------------------
/opt/airflow/dags/pipeline_dag.py   1173  0.02s             1           0  0.12s           2026-03-19T12:16:54
================================================================================
[2026-03-19T12:17:32.704+0000] {manager.py:737} INFO - Searching for files in /opt/airflow/dags
[2026-03-19T12:17:32.719+0000] {manager.py:740} INFO - There are 1 files in /opt/airflow/dags
[2026-03-19T12:17:54.933+0000] {manager.py:878} INFO - 
================================================================================
DAG File Processing Stats

File Path                            PID  Runtime      # DAGs    # Errors  Last Runtime    Last Run
---------------------------------  -----  ---------  --------  ----------  --------------  -------------------
/opt/airflow/dags/pipeline_dag.py   1178  0.00s             1           0  0.14s           2026-03-19T12:17:24
================================================================================
[2026-03-19T12:18:25.143+0000] {manager.py:878} INFO - 
================================================================================
DAG File Processing Stats

File Path                            PID  Runtime      # DAGs    # Errors  Last Runtime    Last Run
---------------------------------  -----  ---------  --------  ----------  --------------  -------------------
/opt/airflow/dags/pipeline_dag.py   1183  0.01s             1           0  0.12s           2026-03-19T12:17:55
================================================================================
[2026-03-19T12:18:55.449+0000] {manager.py:878} INFO - 
================================================================================
DAG File Processing Stats

File Path                            PID  Runtime      # DAGs    # Errors  Last Runtime    Last Run
---------------------------------  -----  ---------  --------  ----------  --------------  -------------------
/opt/airflow/dags/pipeline_dag.py   1188  0.00s             1           0  0.13s           2026-03-19T12:18:25
================================================================================
[2026-03-19T12:19:25.628+0000] {manager.py:878} INFO - 
================================================================================
DAG File Processing Stats

File Path                            PID  Runtime      # DAGs    # Errors  Last Runtime    Last Run
---------------------------------  -----  ---------  --------  ----------  --------------  -------------------
/opt/airflow/dags/pipeline_dag.py   1193  0.00s             1           0  0.12s           2026-03-19T12:18:55
================================================================================
[2026-03-19T12:19:55.895+0000] {manager.py:878} INFO - 
================================================================================
DAG File Processing Stats

File Path                            PID  Runtime      # DAGs    # Errors  Last Runtime    Last Run
---------------------------------  -----  ---------  --------  ----------  --------------  -------------------
/opt/airflow/dags/pipeline_dag.py   1198  0.01s             1           0  0.14s           2026-03-19T12:19:25
================================================================================
[2026-03-19T12:20:26.131+0000] {manager.py:878} INFO - 
================================================================================
DAG File Processing Stats

File Path                            PID  Runtime      # DAGs    # Errors  Last Runtime    Last Run
---------------------------------  -----  ---------  --------  ----------  --------------  -------------------
/opt/airflow/dags/pipeline_dag.py   1226  0.00s             1           0  0.13s           2026-03-19T12:19:56
================================================================================
[2026-03-19T12:20:56.426+0000] {manager.py:878} INFO - 
================================================================================
DAG File Processing Stats

File Path                            PID  Runtime      # DAGs    # Errors  Last Runtime    Last Run
---------------------------------  -----  ---------  --------  ----------  --------------  -------------------
/opt/airflow/dags/pipeline_dag.py   1231  0.00s             1           0  0.12s           2026-03-19T12:20:26
================================================================================
[2026-03-19T12:21:26.661+0000] {manager.py:878} INFO - 
================================================================================
DAG File Processing Stats

File Path                            PID  Runtime      # DAGs    # Errors  Last Runtime    Last Run
---------------------------------  -----  ---------  --------  ----------  --------------  -------------------
/opt/airflow/dags/pipeline_dag.py   1255  0.01s             1           0  0.16s           2026-03-19T12:20:56
================================================================================
[2026-03-19T12:21:56.898+0000] {manager.py:878} INFO - 
================================================================================
DAG File Processing Stats

File Path                            PID  Runtime      # DAGs    # Errors  Last Runtime    Last Run
---------------------------------  -----  ---------  --------  ----------  --------------  -------------------
/opt/airflow/dags/pipeline_dag.py   1260  0.01s             1           0  0.14s           2026-03-19T12:21:26
================================================================================
[2026-03-19T12:22:27.122+0000] {manager.py:878} INFO - 
================================================================================
DAG File Processing Stats

File Path                            PID  Runtime      # DAGs    # Errors  Last Runtime    Last Run
---------------------------------  -----  ---------  --------  ----------  --------------  -------------------
/opt/airflow/dags/pipeline_dag.py   1265  0.00s             1           0  0.12s           2026-03-19T12:21:57
================================================================================
[2026-03-19T12:22:33.188+0000] {manager.py:737} INFO - Searching for files in /opt/airflow/dags
[2026-03-19T12:22:33.202+0000] {manager.py:740} INFO - There are 1 files in /opt/airflow/dags
[2026-03-19T12:22:57.437+0000] {manager.py:878} INFO - 
================================================================================
DAG File Processing Stats

File Path                            PID  Runtime      # DAGs    # Errors  Last Runtime    Last Run
---------------------------------  -----  ---------  --------  ----------  --------------  -------------------
/opt/airflow/dags/pipeline_dag.py   1270  0.01s             1           0  0.13s           2026-03-19T12:22:27
================================================================================
[2026-03-19T12:23:27.629+0000] {manager.py:878} INFO - 
================================================================================
DAG File Processing Stats

File Path                            PID  Runtime      # DAGs    # Errors  Last Runtime    Last Run
---------------------------------  -----  ---------  --------  ----------  --------------  -------------------
/opt/airflow/dags/pipeline_dag.py   1275  0.00s             1           0  0.13s           2026-03-19T12:22:57
================================================================================
[2026-03-19T12:23:57.925+0000] {manager.py:878} INFO - 
================================================================================
DAG File Processing Stats

File Path                            PID  Runtime      # DAGs    # Errors  Last Runtime    Last Run
---------------------------------  -----  ---------  --------  ----------  --------------  -------------------
/opt/airflow/dags/pipeline_dag.py   1280  0.00s             1           0  0.12s           2026-03-19T12:23:27
================================================================================
[2026-03-19T12:24:28.124+0000] {manager.py:878} INFO - 
================================================================================
DAG File Processing Stats

File Path                            PID  Runtime      # DAGs    # Errors  Last Runtime    Last Run
---------------------------------  -----  ---------  --------  ----------  --------------  -------------------
/opt/airflow/dags/pipeline_dag.py   1285  0.00s             1           0  0.12s           2026-03-19T12:23:58
================================================================================
[2026-03-19T12:24:58.375+0000] {manager.py:878} INFO - 
================================================================================
DAG File Processing Stats

File Path                            PID  Runtime      # DAGs    # Errors  Last Runtime    Last Run
---------------------------------  -----  ---------  --------  ----------  --------------  -------------------
/opt/airflow/dags/pipeline_dag.py   1290  0.01s             1           0  0.11s           2026-03-19T12:24:28
================================================================================
[2026-03-19T12:25:28.582+0000] {manager.py:878} INFO - 
================================================================================
DAG File Processing Stats

File Path                            PID  Runtime      # DAGs    # Errors  Last Runtime    Last Run
---------------------------------  -----  ---------  --------  ----------  --------------  -------------------
/opt/airflow/dags/pipeline_dag.py   1318  0.01s             1           0  0.17s           2026-03-19T12:24:58
================================================================================
[2026-03-19T12:25:58.759+0000] {manager.py:878} INFO - 
================================================================================
DAG File Processing Stats

File Path                            PID  Runtime      # DAGs    # Errors  Last Runtime    Last Run
---------------------------------  -----  ---------  --------  ----------  --------------  -------------------
/opt/airflow/dags/pipeline_dag.py   1323  0.01s             1           0  0.11s           2026-03-19T12:25:28
================================================================================
[2026-03-19T12:26:29.015+0000] {manager.py:878} INFO - 
================================================================================
DAG File Processing Stats

File Path                            PID  Runtime      # DAGs    # Errors  Last Runtime    Last Run
---------------------------------  -----  ---------  --------  ----------  --------------  -------------------
/opt/airflow/dags/pipeline_dag.py   1347  0.00s             1           0  0.10s           2026-03-19T12:25:58
================================================================================
[2026-03-19T12:26:59.217+0000] {manager.py:878} INFO - 
================================================================================
DAG File Processing Stats

File Path                            PID  Runtime      # DAGs    # Errors  Last Runtime    Last Run
---------------------------------  -----  ---------  --------  ----------  --------------  -------------------
/opt/airflow/dags/pipeline_dag.py   1352  0.00s             1           0  0.11s           2026-03-19T12:26:29
================================================================================
[2026-03-19T12:27:29.462+0000] {manager.py:878} INFO - 
================================================================================
DAG File Processing Stats

File Path                            PID  Runtime      # DAGs    # Errors  Last Runtime    Last Run
---------------------------------  -----  ---------  --------  ----------  --------------  -------------------
/opt/airflow/dags/pipeline_dag.py   1357  0.00s             1           0  0.11s           2026-03-19T12:26:59
================================================================================
[2026-03-19T12:27:33.506+0000] {manager.py:737} INFO - Searching for files in /opt/airflow/dags
[2026-03-19T12:27:33.521+0000] {manager.py:740} INFO - There are 1 files in /opt/airflow/dags
[2026-03-19T12:27:59.699+0000] {manager.py:878} INFO - 
================================================================================
DAG File Processing Stats

File Path                            PID  Runtime      # DAGs    # Errors  Last Runtime    Last Run
---------------------------------  -----  ---------  --------  ----------  --------------  -------------------
/opt/airflow/dags/pipeline_dag.py   1362  0.00s             1           0  0.12s           2026-03-19T12:27:29
================================================================================
[2026-03-19T12:28:29.953+0000] {manager.py:878} INFO - 
================================================================================
DAG File Processing Stats

File Path                            PID  Runtime      # DAGs    # Errors  Last Runtime    Last Run
---------------------------------  -----  ---------  --------  ----------  --------------  -------------------
/opt/airflow/dags/pipeline_dag.py   1367  0.00s             1           0  0.11s           2026-03-19T12:27:59
================================================================================
[2026-03-19T12:29:00.148+0000] {manager.py:878} INFO - 
================================================================================
DAG File Processing Stats

File Path                            PID  Runtime      # DAGs    # Errors  Last Runtime    Last Run
---------------------------------  -----  ---------  --------  ----------  --------------  -------------------
/opt/airflow/dags/pipeline_dag.py   1372  0.00s             1           0  0.14s           2026-03-19T12:28:30
================================================================================
[2026-03-19T12:29:30.341+0000] {manager.py:878} INFO - 
================================================================================
DAG File Processing Stats

File Path                            PID  Runtime      # DAGs    # Errors  Last Runtime    Last Run
---------------------------------  -----  ---------  --------  ----------  --------------  -------------------
/opt/airflow/dags/pipeline_dag.py   1377  0.00s             1           0  0.15s           2026-03-19T12:29:00
================================================================================
[2026-03-19T12:30:00.660+0000] {manager.py:878} INFO - 
================================================================================
DAG File Processing Stats

File Path                            PID  Runtime      # DAGs    # Errors  Last Runtime    Last Run
---------------------------------  -----  ---------  --------  ----------  --------------  -------------------
/opt/airflow/dags/pipeline_dag.py   1384  0.00s             1           0  0.12s           2026-03-19T12:29:30
================================================================================
[2026-03-19T12:30:30.842+0000] {manager.py:878} INFO - 
================================================================================
DAG File Processing Stats

File Path                            PID  Runtime      # DAGs    # Errors  Last Runtime    Last Run
---------------------------------  -----  ---------  --------  ----------  --------------  -------------------
/opt/airflow/dags/pipeline_dag.py   1410  0.01s             1           0  0.13s           2026-03-19T12:30:00
================================================================================
[2026-03-19T12:31:01.099+0000] {manager.py:878} INFO - 
================================================================================
DAG File Processing Stats

File Path                            PID  Runtime      # DAGs    # Errors  Last Runtime    Last Run
---------------------------------  -----  ---------  --------  ----------  --------------  -------------------
/opt/airflow/dags/pipeline_dag.py   1415  0.00s             1           0  0.11s           2026-03-19T12:30:30
================================================================================
[2026-03-19T12:31:31.264+0000] {manager.py:878} INFO - 
================================================================================
DAG File Processing Stats

File Path                            PID  Runtime      # DAGs    # Errors  Last Runtime    Last Run
---------------------------------  -----  ---------  --------  ----------  --------------  -------------------
/opt/airflow/dags/pipeline_dag.py   1439  0.00s             1           0  0.11s           2026-03-19T12:31:01
================================================================================
[2026-03-19T12:32:01.574+0000] {manager.py:878} INFO - 
================================================================================
DAG File Processing Stats

File Path                            PID  Runtime      # DAGs    # Errors  Last Runtime    Last Run
---------------------------------  -----  ---------  --------  ----------  --------------  -------------------
/opt/airflow/dags/pipeline_dag.py   1444  0.00s             1           0  0.14s           2026-03-19T12:31:31
================================================================================
[2026-03-19T12:32:31.797+0000] {manager.py:878} INFO - 
================================================================================
DAG File Processing Stats

File Path                            PID  Runtime      # DAGs    # Errors  Last Runtime    Last Run
---------------------------------  -----  ---------  --------  ----------  --------------  -------------------
/opt/airflow/dags/pipeline_dag.py   1449  0.00s             1           0  0.13s           2026-03-19T12:32:01
================================================================================
[2026-03-19T12:32:33.862+0000] {manager.py:737} INFO - Searching for files in /opt/airflow/dags
[2026-03-19T12:32:33.875+0000] {manager.py:740} INFO - There are 1 files in /opt/airflow/dags
[2026-03-19T12:33:02.087+0000] {manager.py:878} INFO - 
================================================================================
DAG File Processing Stats

File Path                            PID  Runtime      # DAGs    # Errors  Last Runtime    Last Run
---------------------------------  -----  ---------  --------  ----------  --------------  -------------------
/opt/airflow/dags/pipeline_dag.py   1454  0.00s             1           0  0.15s           2026-03-19T12:32:31
================================================================================
[2026-03-19T12:33:32.261+0000] {manager.py:878} INFO - 
================================================================================
DAG File Processing Stats

File Path                            PID  Runtime      # DAGs    # Errors  Last Runtime    Last Run
---------------------------------  -----  ---------  --------  ----------  --------------  -------------------
/opt/airflow/dags/pipeline_dag.py   1459  0.00s             1           0  0.11s           2026-03-19T12:33:02
================================================================================
[2026-03-19T12:34:02.548+0000] {manager.py:878} INFO - 
================================================================================
DAG File Processing Stats

File Path                            PID  Runtime      # DAGs    # Errors  Last Runtime    Last Run
---------------------------------  -----  ---------  --------  ----------  --------------  -------------------
/opt/airflow/dags/pipeline_dag.py   1464  0.00s             1           0  0.13s           2026-03-19T12:33:32
================================================================================
[2026-03-19T12:34:32.744+0000] {manager.py:878} INFO - 
================================================================================
DAG File Processing Stats

File Path                            PID  Runtime      # DAGs    # Errors  Last Runtime    Last Run
---------------------------------  -----  ---------  --------  ----------  --------------  -------------------
/opt/airflow/dags/pipeline_dag.py   1469  0.00s             1           0  0.11s           2026-03-19T12:34:02
================================================================================
[2026-03-19T12:35:03.023+0000] {manager.py:878} INFO - 
================================================================================
DAG File Processing Stats

File Path                            PID  Runtime      # DAGs    # Errors  Last Runtime    Last Run
---------------------------------  -----  ---------  --------  ----------  --------------  -------------------
/opt/airflow/dags/pipeline_dag.py   1481  0.00s             1           0  0.12s           2026-03-19T12:34:32
================================================================================
[2026-03-19T12:35:33.212+0000] {manager.py:878} INFO - 
================================================================================
DAG File Processing Stats

File Path                            PID  Runtime      # DAGs    # Errors  Last Runtime    Last Run
---------------------------------  -----  ---------  --------  ----------  --------------  -------------------
/opt/airflow/dags/pipeline_dag.py   1502  0.00s             1           0  0.15s           2026-03-19T12:35:03
================================================================================
[2026-03-19T12:36:03.472+0000] {manager.py:878} INFO - 
================================================================================
DAG File Processing Stats

File Path                            PID  Runtime      # DAGs    # Errors  Last Runtime    Last Run
---------------------------------  -----  ---------  --------  ----------  --------------  -------------------
/opt/airflow/dags/pipeline_dag.py   1507  0.00s             1           0  0.11s           2026-03-19T12:35:33
================================================================================
[2026-03-19T12:36:33.660+0000] {manager.py:878} INFO - 
================================================================================
DAG File Processing Stats

File Path                            PID  Runtime      # DAGs    # Errors  Last Runtime    Last Run
---------------------------------  -----  ---------  --------  ----------  --------------  -------------------
/opt/airflow/dags/pipeline_dag.py   1531  0.00s             1           0  0.11s           2026-03-19T12:36:03
================================================================================
[2026-03-19T12:37:04.045+0000] {manager.py:878} INFO - 
================================================================================
DAG File Processing Stats

File Path                            PID  Runtime      # DAGs    # Errors  Last Runtime    Last Run
---------------------------------  -----  ---------  --------  ----------  --------------  -------------------
/opt/airflow/dags/pipeline_dag.py   1536  0.00s             1           0  0.11s           2026-03-19T12:36:33
================================================================================
[2026-03-19T12:37:34.208+0000] {manager.py:737} INFO - Searching for files in /opt/airflow/dags
[2026-03-19T12:37:34.235+0000] {manager.py:740} INFO - There are 1 files in /opt/airflow/dags
[2026-03-19T12:37:34.260+0000] {manager.py:878} INFO - 
================================================================================
DAG File Processing Stats

File Path                            PID  Runtime      # DAGs    # Errors  Last Runtime    Last Run
---------------------------------  -----  ---------  --------  ----------  --------------  -------------------
/opt/airflow/dags/pipeline_dag.py   1541  0.00s             1           0  0.14s           2026-03-19T12:37:04
================================================================================
[2026-03-19T12:38:04.552+0000] {manager.py:878} INFO - 
================================================================================
DAG File Processing Stats

File Path                            PID  Runtime      # DAGs    # Errors  Last Runtime    Last Run
---------------------------------  -----  ---------  --------  ----------  --------------  -------------------
/opt/airflow/dags/pipeline_dag.py   1546  0.00s             1           0  0.11s           2026-03-19T12:37:34
================================================================================
[2026-03-19T12:38:34.767+0000] {manager.py:878} INFO - 
================================================================================
DAG File Processing Stats

File Path                            PID  Runtime      # DAGs    # Errors  Last Runtime    Last Run
---------------------------------  -----  ---------  --------  ----------  --------------  -------------------
/opt/airflow/dags/pipeline_dag.py   1551  0.00s             1           0  0.12s           2026-03-19T12:38:04
================================================================================
[2026-03-19T12:39:05.027+0000] {manager.py:878} INFO - 
================================================================================
DAG File Processing Stats

File Path                            PID  Runtime      # DAGs    # Errors  Last Runtime    Last Run
---------------------------------  -----  ---------  --------  ----------  --------------  -------------------
/opt/airflow/dags/pipeline_dag.py   1556  0.00s             1           0  0.11s           2026-03-19T12:38:34
================================================================================
[2026-03-19T12:39:35.246+0000] {manager.py:878} INFO - 
================================================================================
DAG File Processing Stats

File Path                            PID  Runtime      # DAGs    # Errors  Last Runtime    Last Run
---------------------------------  -----  ---------  --------  ----------  --------------  -------------------
/opt/airflow/dags/pipeline_dag.py   1561  0.00s             1           0  0.11s           2026-03-19T12:39:05
================================================================================
[2026-03-19T12:40:05.430+0000] {manager.py:878} INFO - 
================================================================================
DAG File Processing Stats

File Path                            PID  Runtime      # DAGs    # Errors  Last Runtime    Last Run
---------------------------------  -----  ---------  --------  ----------  --------------  -------------------
/opt/airflow/dags/pipeline_dag.py   1589  0.00s             1           0  0.11s           2026-03-19T12:39:35
================================================================================
[2026-03-19T12:40:35.651+0000] {manager.py:878} INFO - 
================================================================================
DAG File Processing Stats

File Path                            PID  Runtime      # DAGs    # Errors  Last Runtime    Last Run
---------------------------------  -----  ---------  --------  ----------  --------------  -------------------
/opt/airflow/dags/pipeline_dag.py   1594  0.00s             1           0  0.14s           2026-03-19T12:40:05
================================================================================
[2026-03-19T12:41:05.886+0000] {manager.py:878} INFO - 
================================================================================
DAG File Processing Stats

File Path                            PID  Runtime      # DAGs    # Errors  Last Runtime    Last Run
---------------------------------  -----  ---------  --------  ----------  --------------  -------------------
/opt/airflow/dags/pipeline_dag.py   1618  0.00s             1           0  0.11s           2026-03-19T12:40:35
================================================================================
[2026-03-19T12:41:36.095+0000] {manager.py:878} INFO - 
================================================================================
DAG File Processing Stats

File Path                            PID  Runtime      # DAGs    # Errors  Last Runtime    Last Run
---------------------------------  -----  ---------  --------  ----------  --------------  -------------------
/opt/airflow/dags/pipeline_dag.py   1623  0.00s             1           0  0.10s           2026-03-19T12:41:05
================================================================================
[2026-03-19T12:42:06.330+0000] {manager.py:878} INFO - 
================================================================================
DAG File Processing Stats

File Path                            PID  Runtime      # DAGs    # Errors  Last Runtime    Last Run
---------------------------------  -----  ---------  --------  ----------  --------------  -------------------
/opt/airflow/dags/pipeline_dag.py   1628  0.00s             1           0  0.11s           2026-03-19T12:41:36
================================================================================
[2026-03-19T12:42:34.498+0000] {manager.py:737} INFO - Searching for files in /opt/airflow/dags
[2026-03-19T12:42:34.578+0000] {manager.py:740} INFO - There are 1 files in /opt/airflow/dags
[2026-03-19T12:42:36.684+0000] {manager.py:878} INFO - 
================================================================================
DAG File Processing Stats

File Path                            PID  Runtime      # DAGs    # Errors  Last Runtime    Last Run
---------------------------------  -----  ---------  --------  ----------  --------------  -------------------
/opt/airflow/dags/pipeline_dag.py   1633  0.00s             1           0  0.11s           2026-03-19T12:42:06
================================================================================
[2026-03-19T12:43:06.898+0000] {manager.py:878} INFO - 
================================================================================
DAG File Processing Stats

File Path                            PID  Runtime      # DAGs    # Errors  Last Runtime    Last Run
---------------------------------  -----  ---------  --------  ----------  --------------  -------------------
/opt/airflow/dags/pipeline_dag.py   1638  0.00s             1           0  0.18s           2026-03-19T12:42:36
================================================================================
[2026-03-19T12:43:37.232+0000] {manager.py:878} INFO - 
================================================================================
DAG File Processing Stats

File Path                            PID  Runtime      # DAGs    # Errors  Last Runtime    Last Run
---------------------------------  -----  ---------  --------  ----------  --------------  -------------------
/opt/airflow/dags/pipeline_dag.py   1643  0.00s             1           0  0.13s           2026-03-19T12:43:07
================================================================================
[2026-03-19T12:44:07.420+0000] {manager.py:878} INFO - 
================================================================================
DAG File Processing Stats

File Path                            PID  Runtime      # DAGs    # Errors  Last Runtime    Last Run
---------------------------------  -----  ---------  --------  ----------  --------------  -------------------
/opt/airflow/dags/pipeline_dag.py   1648  0.00s             1           0  0.16s           2026-03-19T12:43:37
================================================================================
[2026-03-19T12:44:37.713+0000] {manager.py:878} INFO - 
================================================================================
DAG File Processing Stats

File Path                            PID  Runtime      # DAGs    # Errors  Last Runtime    Last Run
---------------------------------  -----  ---------  --------  ----------  --------------  -------------------
/opt/airflow/dags/pipeline_dag.py   1653  0.01s             1           0  0.12s           2026-03-19T12:44:07
================================================================================
[2026-03-19T12:45:07.939+0000] {manager.py:878} INFO - 
================================================================================
DAG File Processing Stats

File Path                            PID  Runtime      # DAGs    # Errors  Last Runtime    Last Run
---------------------------------  -----  ---------  --------  ----------  --------------  -------------------
/opt/airflow/dags/pipeline_dag.py   1681  0.00s             1           0  0.18s           2026-03-19T12:44:37
================================================================================
[2026-03-19T12:45:38.136+0000] {manager.py:878} INFO - 
================================================================================
DAG File Processing Stats

File Path                            PID  Runtime      # DAGs    # Errors  Last Runtime    Last Run
---------------------------------  -----  ---------  --------  ----------  --------------  -------------------
/opt/airflow/dags/pipeline_dag.py   1686  0.01s             1           0  0.12s           2026-03-19T12:45:08
================================================================================
[2026-03-19T12:46:08.388+0000] {manager.py:878} INFO - 
================================================================================
DAG File Processing Stats

File Path                            PID  Runtime      # DAGs    # Errors  Last Runtime    Last Run
---------------------------------  -----  ---------  --------  ----------  --------------  -------------------
/opt/airflow/dags/pipeline_dag.py   1710  0.00s             1           0  0.12s           2026-03-19T12:45:38
================================================================================
[2026-03-19T12:46:38.612+0000] {manager.py:878} INFO - 
================================================================================
DAG File Processing Stats

File Path                            PID  Runtime      # DAGs    # Errors  Last Runtime    Last Run
---------------------------------  -----  ---------  --------  ----------  --------------  -------------------
/opt/airflow/dags/pipeline_dag.py   1715  0.00s             1           0  0.11s           2026-03-19T12:46:08
================================================================================
[2026-03-19T12:47:08.860+0000] {manager.py:878} INFO - 
================================================================================
DAG File Processing Stats

File Path                            PID  Runtime      # DAGs    # Errors  Last Runtime    Last Run
---------------------------------  -----  ---------  --------  ----------  --------------  -------------------
/opt/airflow/dags/pipeline_dag.py   1720  0.00s             1           0  0.13s           2026-03-19T12:46:38
================================================================================
[2026-03-19T12:47:35.041+0000] {manager.py:737} INFO - Searching for files in /opt/airflow/dags
[2026-03-19T12:47:35.053+0000] {manager.py:740} INFO - There are 1 files in /opt/airflow/dags
[2026-03-19T12:47:39.106+0000] {manager.py:878} INFO - 
================================================================================
DAG File Processing Stats

File Path                            PID  Runtime      # DAGs    # Errors  Last Runtime    Last Run
---------------------------------  -----  ---------  --------  ----------  --------------  -------------------
/opt/airflow/dags/pipeline_dag.py   1725  0.00s             1           0  0.13s           2026-03-19T12:47:08
================================================================================
[2026-03-19T12:48:09.323+0000] {manager.py:878} INFO - 
================================================================================
DAG File Processing Stats

File Path                            PID  Runtime      # DAGs    # Errors  Last Runtime    Last Run
---------------------------------  -----  ---------  --------  ----------  --------------  -------------------
/opt/airflow/dags/pipeline_dag.py   1730  0.00s             1           0  0.13s           2026-03-19T12:47:39
================================================================================
[2026-03-19T12:48:39.574+0000] {manager.py:878} INFO - 
================================================================================
DAG File Processing Stats

File Path                            PID  Runtime      # DAGs    # Errors  Last Runtime    Last Run
---------------------------------  -----  ---------  --------  ----------  --------------  -------------------
/opt/airflow/dags/pipeline_dag.py   1735  0.00s             1           0  0.13s           2026-03-19T12:48:09
================================================================================
[2026-03-19T12:49:09.755+0000] {manager.py:878} INFO - 
================================================================================
DAG File Processing Stats

File Path                          PID    Runtime      # DAGs    # Errors  Last Runtime    Last Run
---------------------------------  -----  ---------  --------  ----------  --------------  -------------------
/opt/airflow/dags/pipeline_dag.py                           1           0  0.19s           2026-03-19T12:48:39
================================================================================
[2026-03-19T12:49:40.100+0000] {manager.py:878} INFO - 
================================================================================
DAG File Processing Stats

File Path                            PID  Runtime      # DAGs    # Errors  Last Runtime    Last Run
---------------------------------  -----  ---------  --------  ----------  --------------  -------------------
/opt/airflow/dags/pipeline_dag.py   1745  0.00s             1           0  0.12s           2026-03-19T12:49:10
================================================================================
[2026-03-19T12:50:10.364+0000] {manager.py:878} INFO - 
================================================================================
DAG File Processing Stats

File Path                            PID  Runtime      # DAGs    # Errors  Last Runtime    Last Run
---------------------------------  -----  ---------  --------  ----------  --------------  -------------------
/opt/airflow/dags/pipeline_dag.py   1773  0.00s             1           0  0.12s           2026-03-19T12:49:40
================================================================================
[2026-03-19T12:50:40.584+0000] {manager.py:878} INFO - 
================================================================================
DAG File Processing Stats

File Path                            PID  Runtime      # DAGs    # Errors  Last Runtime    Last Run
---------------------------------  -----  ---------  --------  ----------  --------------  -------------------
/opt/airflow/dags/pipeline_dag.py   1778  0.01s             1           0  0.14s           2026-03-19T12:50:10
================================================================================
[2026-03-19T12:51:10.834+0000] {manager.py:878} INFO - 
================================================================================
DAG File Processing Stats

File Path                            PID  Runtime      # DAGs    # Errors  Last Runtime    Last Run
---------------------------------  -----  ---------  --------  ----------  --------------  -------------------
/opt/airflow/dags/pipeline_dag.py   1802  0.00s             1           0  0.12s           2026-03-19T12:50:40
================================================================================
[2026-03-19T12:51:41.043+0000] {manager.py:878} INFO - 
================================================================================
DAG File Processing Stats

File Path                            PID  Runtime      # DAGs    # Errors  Last Runtime    Last Run
---------------------------------  -----  ---------  --------  ----------  --------------  -------------------
/opt/airflow/dags/pipeline_dag.py   1807  0.00s             1           0  0.12s           2026-03-19T12:51:10
================================================================================
[2026-03-19T12:52:11.282+0000] {manager.py:878} INFO - 
================================================================================
DAG File Processing Stats

File Path                            PID  Runtime      # DAGs    # Errors  Last Runtime    Last Run
---------------------------------  -----  ---------  --------  ----------  --------------  -------------------
/opt/airflow/dags/pipeline_dag.py   1812  0.00s             1           0  0.13s           2026-03-19T12:51:41
================================================================================
[2026-03-19T12:52:35.447+0000] {manager.py:737} INFO - Searching for files in /opt/airflow/dags
[2026-03-19T12:52:35.461+0000] {manager.py:740} INFO - There are 1 files in /opt/airflow/dags
[2026-03-19T12:52:41.534+0000] {manager.py:878} INFO - 
================================================================================
DAG File Processing Stats

File Path                            PID  Runtime      # DAGs    # Errors  Last Runtime    Last Run
---------------------------------  -----  ---------  --------  ----------  --------------  -------------------
/opt/airflow/dags/pipeline_dag.py   1817  0.01s             1           0  0.16s           2026-03-19T12:52:11
================================================================================
[2026-03-19T12:53:11.764+0000] {manager.py:878} INFO - 
================================================================================
DAG File Processing Stats

File Path                            PID  Runtime      # DAGs    # Errors  Last Runtime    Last Run
---------------------------------  -----  ---------  --------  ----------  --------------  -------------------
/opt/airflow/dags/pipeline_dag.py   1822  0.00s             1           0  0.13s           2026-03-19T12:52:41
================================================================================
[2026-03-19T12:53:41.990+0000] {manager.py:878} INFO - 
================================================================================
DAG File Processing Stats

File Path                            PID  Runtime      # DAGs    # Errors  Last Runtime    Last Run
---------------------------------  -----  ---------  --------  ----------  --------------  -------------------
/opt/airflow/dags/pipeline_dag.py   1827  0.01s             1           0  0.13s           2026-03-19T12:53:11
================================================================================
[2026-03-19T12:54:12.259+0000] {manager.py:878} INFO - 
================================================================================
DAG File Processing Stats

File Path                            PID  Runtime      # DAGs    # Errors  Last Runtime    Last Run
---------------------------------  -----  ---------  --------  ----------  --------------  -------------------
/opt/airflow/dags/pipeline_dag.py   1832  0.01s             1           0  0.12s           2026-03-19T12:53:42
================================================================================
[2026-03-19T12:54:42.475+0000] {manager.py:878} INFO - 
================================================================================
DAG File Processing Stats

File Path                            PID  Runtime      # DAGs    # Errors  Last Runtime    Last Run
---------------------------------  -----  ---------  --------  ----------  --------------  -------------------
/opt/airflow/dags/pipeline_dag.py   1837  0.00s             1           0  0.13s           2026-03-19T12:54:12
================================================================================
[2026-03-19T12:55:12.801+0000] {manager.py:878} INFO - 
================================================================================
DAG File Processing Stats

File Path                            PID  Runtime      # DAGs    # Errors  Last Runtime    Last Run
---------------------------------  -----  ---------  --------  ----------  --------------  -------------------
/opt/airflow/dags/pipeline_dag.py   1865  0.00s             1           0  0.13s           2026-03-19T12:54:42
================================================================================
[2026-03-19T12:55:42.989+0000] {manager.py:878} INFO - 
================================================================================
DAG File Processing Stats

File Path                            PID  Runtime      # DAGs    # Errors  Last Runtime    Last Run
---------------------------------  -----  ---------  --------  ----------  --------------  -------------------
/opt/airflow/dags/pipeline_dag.py   1870  0.00s             1           0  0.13s           2026-03-19T12:55:12
================================================================================
[2026-03-19T12:56:13.236+0000] {manager.py:878} INFO - 
================================================================================
DAG File Processing Stats

File Path                            PID  Runtime      # DAGs    # Errors  Last Runtime    Last Run
---------------------------------  -----  ---------  --------  ----------  --------------  -------------------
/opt/airflow/dags/pipeline_dag.py   1894  0.00s             1           0  0.13s           2026-03-19T12:55:43
================================================================================
[2026-03-19T12:56:43.509+0000] {manager.py:878} INFO - 
================================================================================
DAG File Processing Stats

File Path                            PID  Runtime      # DAGs    # Errors  Last Runtime    Last Run
---------------------------------  -----  ---------  --------  ----------  --------------  -------------------
/opt/airflow/dags/pipeline_dag.py   1899  0.00s             1           0  0.13s           2026-03-19T12:56:13
================================================================================
[2026-03-19T12:57:13.710+0000] {manager.py:878} INFO - 
================================================================================
DAG File Processing Stats

File Path                            PID  Runtime      # DAGs    # Errors  Last Runtime    Last Run
---------------------------------  -----  ---------  --------  ----------  --------------  -------------------
/opt/airflow/dags/pipeline_dag.py   1904  0.00s             1           0  0.15s           2026-03-19T12:56:43
================================================================================
[2026-03-19T12:57:35.947+0000] {manager.py:737} INFO - Searching for files in /opt/airflow/dags
[2026-03-19T12:57:35.963+0000] {manager.py:740} INFO - There are 1 files in /opt/airflow/dags
[2026-03-19T12:57:44.038+0000] {manager.py:878} INFO - 
================================================================================
DAG File Processing Stats

File Path                            PID  Runtime      # DAGs    # Errors  Last Runtime    Last Run
---------------------------------  -----  ---------  --------  ----------  --------------  -------------------
/opt/airflow/dags/pipeline_dag.py   1909  0.00s             1           0  0.15s           2026-03-19T12:57:13
================================================================================
[2026-03-19T12:58:14.239+0000] {manager.py:878} INFO - 
================================================================================
DAG File Processing Stats

File Path                            PID  Runtime      # DAGs    # Errors  Last Runtime    Last Run
---------------------------------  -----  ---------  --------  ----------  --------------  -------------------
/opt/airflow/dags/pipeline_dag.py   1914  0.00s             1           0  0.13s           2026-03-19T12:57:44
================================================================================
[2026-03-19T12:58:44.568+0000] {manager.py:878} INFO - 
================================================================================
DAG File Processing Stats

File Path                            PID  Runtime      # DAGs    # Errors  Last Runtime    Last Run
---------------------------------  -----  ---------  --------  ----------  --------------  -------------------
/opt/airflow/dags/pipeline_dag.py   1919  0.00s             1           0  0.13s           2026-03-19T12:58:14
================================================================================
[2026-03-19T12:59:14.811+0000] {manager.py:878} INFO - 
================================================================================
DAG File Processing Stats

File Path                            PID  Runtime      # DAGs    # Errors  Last Runtime    Last Run
---------------------------------  -----  ---------  --------  ----------  --------------  -------------------
/opt/airflow/dags/pipeline_dag.py   1924  0.00s             1           0  0.14s           2026-03-19T12:58:44
================================================================================
[2026-03-19T12:59:45.042+0000] {manager.py:878} INFO - 
================================================================================
DAG File Processing Stats

File Path                            PID  Runtime      # DAGs    # Errors  Last Runtime    Last Run
---------------------------------  -----  ---------  --------  ----------  --------------  -------------------
/opt/airflow/dags/pipeline_dag.py   1929  0.01s             1           0  0.13s           2026-03-19T12:59:14
================================================================================
[2026-03-19T13:00:15.285+0000] {manager.py:878} INFO - 
================================================================================
DAG File Processing Stats

File Path                            PID  Runtime      # DAGs    # Errors  Last Runtime    Last Run
---------------------------------  -----  ---------  --------  ----------  --------------  -------------------
/opt/airflow/dags/pipeline_dag.py   1957  0.01s             1           0  0.15s           2026-03-19T12:59:45
================================================================================
[2026-03-19T13:00:45.533+0000] {manager.py:878} INFO - 
================================================================================
DAG File Processing Stats

File Path                            PID  Runtime      # DAGs    # Errors  Last Runtime    Last Run
---------------------------------  -----  ---------  --------  ----------  --------------  -------------------
/opt/airflow/dags/pipeline_dag.py   1962  0.00s             1           0  0.12s           2026-03-19T13:00:15
================================================================================
[2026-03-19T13:01:15.737+0000] {manager.py:878} INFO - 
================================================================================
DAG File Processing Stats

File Path                            PID  Runtime      # DAGs    # Errors  Last Runtime    Last Run
---------------------------------  -----  ---------  --------  ----------  --------------  -------------------
/opt/airflow/dags/pipeline_dag.py   1986  0.00s             1           0  0.13s           2026-03-19T13:00:45
================================================================================
[2026-03-19T13:01:46.003+0000] {manager.py:878} INFO - 
================================================================================
DAG File Processing Stats

File Path                            PID  Runtime      # DAGs    # Errors  Last Runtime    Last Run
---------------------------------  -----  ---------  --------  ----------  --------------  -------------------
/opt/airflow/dags/pipeline_dag.py   1991  0.00s             1           0  0.12s           2026-03-19T13:01:15
================================================================================
[2026-03-19T13:02:16.199+0000] {manager.py:878} INFO - 
================================================================================
DAG File Processing Stats

File Path                            PID  Runtime      # DAGs    # Errors  Last Runtime    Last Run
---------------------------------  -----  ---------  --------  ----------  --------------  -------------------
/opt/airflow/dags/pipeline_dag.py   1996  0.01s             1           0  0.13s           2026-03-19T13:01:46
================================================================================
[2026-03-19T13:02:36.412+0000] {manager.py:737} INFO - Searching for files in /opt/airflow/dags
[2026-03-19T13:02:36.429+0000] {manager.py:740} INFO - There are 1 files in /opt/airflow/dags
[2026-03-19T13:02:46.532+0000] {manager.py:878} INFO - 
================================================================================
DAG File Processing Stats

File Path                            PID  Runtime      # DAGs    # Errors  Last Runtime    Last Run
---------------------------------  -----  ---------  --------  ----------  --------------  -------------------
/opt/airflow/dags/pipeline_dag.py   2001  0.00s             1           0  0.13s           2026-03-19T13:02:16
================================================================================
[2026-03-19T13:03:16.775+0000] {manager.py:878} INFO - 
================================================================================
DAG File Processing Stats

File Path                            PID  Runtime      # DAGs    # Errors  Last Runtime    Last Run
---------------------------------  -----  ---------  --------  ----------  --------------  -------------------
/opt/airflow/dags/pipeline_dag.py   2006  0.00s             1           0  0.12s           2026-03-19T13:02:46
================================================================================
[2026-03-19T13:03:47.056+0000] {manager.py:878} INFO - 
================================================================================
DAG File Processing Stats

File Path                            PID  Runtime      # DAGs    # Errors  Last Runtime    Last Run
---------------------------------  -----  ---------  --------  ----------  --------------  -------------------
/opt/airflow/dags/pipeline_dag.py   2011  0.01s             1           0  0.24s           2026-03-19T13:03:17
================================================================================
[2026-03-19T13:04:17.223+0000] {manager.py:878} INFO - 
================================================================================
DAG File Processing Stats

File Path                            PID  Runtime      # DAGs    # Errors  Last Runtime    Last Run
---------------------------------  -----  ---------  --------  ----------  --------------  -------------------
/opt/airflow/dags/pipeline_dag.py   2016  0.01s             1           0  0.12s           2026-03-19T13:03:47
================================================================================
[2026-03-19T13:04:47.506+0000] {manager.py:878} INFO - 
================================================================================
DAG File Processing Stats

File Path                            PID  Runtime      # DAGs    # Errors  Last Runtime    Last Run
---------------------------------  -----  ---------  --------  ----------  --------------  -------------------
/opt/airflow/dags/pipeline_dag.py   2021  0.00s             1           0  0.11s           2026-03-19T13:04:17
================================================================================
[2026-03-19T13:05:17.703+0000] {manager.py:878} INFO - 
================================================================================
DAG File Processing Stats

File Path                            PID  Runtime      # DAGs    # Errors  Last Runtime    Last Run
---------------------------------  -----  ---------  --------  ----------  --------------  -------------------
/opt/airflow/dags/pipeline_dag.py   2049  0.00s             1           0  0.11s           2026-03-19T13:04:47
================================================================================
[2026-03-19T13:05:47.946+0000] {manager.py:878} INFO - 
================================================================================
DAG File Processing Stats

File Path                            PID  Runtime      # DAGs    # Errors  Last Runtime    Last Run
---------------------------------  -----  ---------  --------  ----------  --------------  -------------------
/opt/airflow/dags/pipeline_dag.py   2054  0.01s             1           0  0.12s           2026-03-19T13:05:17
================================================================================
[2026-03-19T13:06:18.221+0000] {manager.py:878} INFO - 
================================================================================
DAG File Processing Stats

File Path                            PID  Runtime      # DAGs    # Errors  Last Runtime    Last Run
---------------------------------  -----  ---------  --------  ----------  --------------  -------------------
/opt/airflow/dags/pipeline_dag.py   2078  0.00s             1           0  0.11s           2026-03-19T13:05:48
================================================================================
[2026-03-19T13:06:48.405+0000] {manager.py:878} INFO - 
================================================================================
DAG File Processing Stats

File Path                            PID  Runtime      # DAGs    # Errors  Last Runtime    Last Run
---------------------------------  -----  ---------  --------  ----------  --------------  -------------------
/opt/airflow/dags/pipeline_dag.py   2083  0.00s             1           0  0.12s           2026-03-19T13:06:18
================================================================================
[2026-03-19T13:07:18.691+0000] {manager.py:878} INFO - 
================================================================================
DAG File Processing Stats

File Path                            PID  Runtime      # DAGs    # Errors  Last Runtime    Last Run
---------------------------------  -----  ---------  --------  ----------  --------------  -------------------
/opt/airflow/dags/pipeline_dag.py   2088  0.00s             1           0  0.13s           2026-03-19T13:06:48
================================================================================
[2026-03-19T13:07:36.810+0000] {manager.py:737} INFO - Searching for files in /opt/airflow/dags
[2026-03-19T13:07:36.838+0000] {manager.py:740} INFO - There are 1 files in /opt/airflow/dags
[2026-03-19T13:07:48.963+0000] {manager.py:878} INFO - 
================================================================================
DAG File Processing Stats

File Path                            PID  Runtime      # DAGs    # Errors  Last Runtime    Last Run
---------------------------------  -----  ---------  --------  ----------  --------------  -------------------
/opt/airflow/dags/pipeline_dag.py   2093  0.01s             1           0  0.12s           2026-03-19T13:07:18
================================================================================
[2026-03-19T13:08:19.166+0000] {manager.py:878} INFO - 
================================================================================
DAG File Processing Stats

File Path                            PID  Runtime      # DAGs    # Errors  Last Runtime    Last Run
---------------------------------  -----  ---------  --------  ----------  --------------  -------------------
/opt/airflow/dags/pipeline_dag.py   2098  0.00s             1           0  0.12s           2026-03-19T13:07:49
================================================================================
[2026-03-19T13:08:49.428+0000] {manager.py:878} INFO - 
================================================================================
DAG File Processing Stats

File Path                            PID  Runtime      # DAGs    # Errors  Last Runtime    Last Run
---------------------------------  -----  ---------  --------  ----------  --------------  -------------------
/opt/airflow/dags/pipeline_dag.py   2103  0.00s             1           0  0.14s           2026-03-19T13:08:19
================================================================================
[2026-03-19T13:09:19.639+0000] {manager.py:878} INFO - 
================================================================================
DAG File Processing Stats

File Path                            PID  Runtime      # DAGs    # Errors  Last Runtime    Last Run
---------------------------------  -----  ---------  --------  ----------  --------------  -------------------
/opt/airflow/dags/pipeline_dag.py   2108  0.00s             1           0  0.12s           2026-03-19T13:08:49
================================================================================
[2026-03-19T13:09:49.892+0000] {manager.py:878} INFO - 
================================================================================
DAG File Processing Stats

File Path                            PID  Runtime      # DAGs    # Errors  Last Runtime    Last Run
---------------------------------  -----  ---------  --------  ----------  --------------  -------------------
/opt/airflow/dags/pipeline_dag.py   2113  0.00s             1           0  0.12s           2026-03-19T13:09:19
================================================================================
[2026-03-19T13:10:20.122+0000] {manager.py:878} INFO - 
================================================================================
DAG File Processing Stats

File Path                            PID  Runtime      # DAGs    # Errors  Last Runtime    Last Run
---------------------------------  -----  ---------  --------  ----------  --------------  -------------------
/opt/airflow/dags/pipeline_dag.py   2141  0.01s             1           0  0.14s           2026-03-19T13:09:50
================================================================================
[2026-03-19T13:10:50.387+0000] {manager.py:878} INFO - 
================================================================================
DAG File Processing Stats

File Path                            PID  Runtime      # DAGs    # Errors  Last Runtime    Last Run
---------------------------------  -----  ---------  --------  ----------  --------------  -------------------
/opt/airflow/dags/pipeline_dag.py   2146  0.00s             1           0  0.14s           2026-03-19T13:10:20
================================================================================
[2026-03-19T13:11:20.552+0000] {manager.py:878} INFO - 
================================================================================
DAG File Processing Stats

File Path                          PID    Runtime      # DAGs    # Errors  Last Runtime    Last Run
---------------------------------  -----  ---------  --------  ----------  --------------  -------------------
/opt/airflow/dags/pipeline_dag.py                           1           0  0.18s           2026-03-19T13:10:50
================================================================================
[2026-03-19T13:11:50.900+0000] {manager.py:878} INFO - 
================================================================================
DAG File Processing Stats

File Path                          PID    Runtime      # DAGs    # Errors  Last Runtime    Last Run
---------------------------------  -----  ---------  --------  ----------  --------------  -------------------
/opt/airflow/dags/pipeline_dag.py                           1           0  0.17s           2026-03-19T13:11:20
================================================================================
[2026-03-19T13:12:21.257+0000] {manager.py:878} INFO - 
================================================================================
DAG File Processing Stats

File Path                            PID  Runtime      # DAGs    # Errors  Last Runtime    Last Run
---------------------------------  -----  ---------  --------  ----------  --------------  -------------------
/opt/airflow/dags/pipeline_dag.py   2180  0.00s             1           0  0.12s           2026-03-19T13:11:51
================================================================================
[2026-03-19T13:12:37.432+0000] {manager.py:737} INFO - Searching for files in /opt/airflow/dags
[2026-03-19T13:12:37.447+0000] {manager.py:740} INFO - There are 1 files in /opt/airflow/dags
[2026-03-19T13:12:51.548+0000] {manager.py:878} INFO - 
================================================================================
DAG File Processing Stats

File Path                            PID  Runtime      # DAGs    # Errors  Last Runtime    Last Run
---------------------------------  -----  ---------  --------  ----------  --------------  -------------------
/opt/airflow/dags/pipeline_dag.py   2185  0.00s             1           0  0.14s           2026-03-19T13:12:21
================================================================================
[2026-03-19T13:13:21.721+0000] {manager.py:878} INFO - 
================================================================================
DAG File Processing Stats

File Path                            PID  Runtime      # DAGs    # Errors  Last Runtime    Last Run
---------------------------------  -----  ---------  --------  ----------  --------------  -------------------
/opt/airflow/dags/pipeline_dag.py   2190  0.00s             1           0  0.14s           2026-03-19T13:12:51
================================================================================
[2026-03-19T13:13:52.032+0000] {manager.py:878} INFO - 
================================================================================
DAG File Processing Stats

File Path                            PID  Runtime      # DAGs    # Errors  Last Runtime    Last Run
---------------------------------  -----  ---------  --------  ----------  --------------  -------------------
/opt/airflow/dags/pipeline_dag.py   2195  0.00s             1           0  0.12s           2026-03-19T13:13:21
================================================================================
[2026-03-19T13:14:22.224+0000] {manager.py:878} INFO - 
================================================================================
DAG File Processing Stats

File Path                            PID  Runtime      # DAGs    # Errors  Last Runtime    Last Run
---------------------------------  -----  ---------  --------  ----------  --------------  -------------------
/opt/airflow/dags/pipeline_dag.py   2200  0.00s             1           0  0.12s           2026-03-19T13:13:52
================================================================================
[2026-03-19T13:14:52.477+0000] {manager.py:878} INFO - 
================================================================================
DAG File Processing Stats

File Path                            PID  Runtime      # DAGs    # Errors  Last Runtime    Last Run
---------------------------------  -----  ---------  --------  ----------  --------------  -------------------
/opt/airflow/dags/pipeline_dag.py   2205  0.01s             1           0  0.13s           2026-03-19T13:14:22
================================================================================
[2026-03-19T13:15:22.669+0000] {manager.py:878} INFO - 
================================================================================
DAG File Processing Stats

File Path                            PID  Runtime      # DAGs    # Errors  Last Runtime    Last Run
---------------------------------  -----  ---------  --------  ----------  --------------  -------------------
/opt/airflow/dags/pipeline_dag.py   2233  0.00s             1           0  0.15s           2026-03-19T13:14:52
================================================================================
[2026-03-19T13:15:52.958+0000] {manager.py:878} INFO - 
================================================================================
DAG File Processing Stats

File Path                            PID  Runtime      # DAGs    # Errors  Last Runtime    Last Run
---------------------------------  -----  ---------  --------  ----------  --------------  -------------------
/opt/airflow/dags/pipeline_dag.py   2238  0.00s             1           0  0.13s           2026-03-19T13:15:22
================================================================================
[2026-03-19T13:16:23.159+0000] {manager.py:878} INFO - 
================================================================================
DAG File Processing Stats

File Path                            PID  Runtime      # DAGs    # Errors  Last Runtime    Last Run
---------------------------------  -----  ---------  --------  ----------  --------------  -------------------
/opt/airflow/dags/pipeline_dag.py   2262  0.00s             1           0  0.11s           2026-03-19T13:15:53
================================================================================
[2026-03-19T13:16:53.376+0000] {manager.py:878} INFO - 
================================================================================
DAG File Processing Stats

File Path                            PID  Runtime      # DAGs    # Errors  Last Runtime    Last Run
---------------------------------  -----  ---------  --------  ----------  --------------  -------------------
/opt/airflow/dags/pipeline_dag.py   2267  0.00s             1           0  0.15s           2026-03-19T13:16:23
================================================================================
[2026-03-19T13:17:23.637+0000] {manager.py:878} INFO - 
================================================================================
DAG File Processing Stats

File Path                            PID  Runtime      # DAGs    # Errors  Last Runtime    Last Run
---------------------------------  -----  ---------  --------  ----------  --------------  -------------------
/opt/airflow/dags/pipeline_dag.py   2272  0.00s             1           0  0.14s           2026-03-19T13:16:53
================================================================================
[2026-03-19T13:17:37.734+0000] {manager.py:737} INFO - Searching for files in /opt/airflow/dags
[2026-03-19T13:17:37.751+0000] {manager.py:740} INFO - There are 1 files in /opt/airflow/dags
[2026-03-19T13:17:53.887+0000] {manager.py:878} INFO - 
================================================================================
DAG File Processing Stats

File Path                            PID  Runtime      # DAGs    # Errors  Last Runtime    Last Run
---------------------------------  -----  ---------  --------  ----------  --------------  -------------------
/opt/airflow/dags/pipeline_dag.py   2277  0.00s             1           0  0.14s           2026-03-19T13:17:23
================================================================================
[2026-03-19T13:18:24.180+0000] {manager.py:878} INFO - 
================================================================================
DAG File Processing Stats

File Path                            PID  Runtime      # DAGs    # Errors  Last Runtime    Last Run
---------------------------------  -----  ---------  --------  ----------  --------------  -------------------
/opt/airflow/dags/pipeline_dag.py   2282  0.01s             1           0  0.15s           2026-03-19T13:17:54
================================================================================
[2026-03-19T13:18:54.382+0000] {manager.py:878} INFO - 
================================================================================
DAG File Processing Stats

File Path                            PID  Runtime      # DAGs    # Errors  Last Runtime    Last Run
---------------------------------  -----  ---------  --------  ----------  --------------  -------------------
/opt/airflow/dags/pipeline_dag.py   2287  0.01s             1           0  0.12s           2026-03-19T13:18:24
================================================================================
[2026-03-19T13:19:24.653+0000] {manager.py:878} INFO - 
================================================================================
DAG File Processing Stats

File Path                            PID  Runtime      # DAGs    # Errors  Last Runtime    Last Run
---------------------------------  -----  ---------  --------  ----------  --------------  -------------------
/opt/airflow/dags/pipeline_dag.py   2292  0.00s             1           0  0.12s           2026-03-19T13:18:54
================================================================================
[2026-03-19T13:19:54.829+0000] {manager.py:878} INFO - 
================================================================================
DAG File Processing Stats

File Path                            PID  Runtime      # DAGs    # Errors  Last Runtime    Last Run
---------------------------------  -----  ---------  --------  ----------  --------------  -------------------
/opt/airflow/dags/pipeline_dag.py   2297  0.00s             1           0  0.14s           2026-03-19T13:19:24
================================================================================
[2026-03-19T13:20:25.104+0000] {manager.py:878} INFO - 
================================================================================
DAG File Processing Stats

File Path                            PID  Runtime      # DAGs    # Errors  Last Runtime    Last Run
---------------------------------  -----  ---------  --------  ----------  --------------  -------------------
/opt/airflow/dags/pipeline_dag.py   2325  0.01s             1           0  0.13s           2026-03-19T13:19:54
================================================================================
[2026-03-19T13:20:55.403+0000] {manager.py:878} INFO - 
================================================================================
DAG File Processing Stats

File Path                            PID  Runtime      # DAGs    # Errors  Last Runtime    Last Run
---------------------------------  -----  ---------  --------  ----------  --------------  -------------------
/opt/airflow/dags/pipeline_dag.py   2330  0.00s             1           0  0.12s           2026-03-19T13:20:25
================================================================================
[2026-03-19T13:21:25.588+0000] {manager.py:878} INFO - 
================================================================================
DAG File Processing Stats

File Path                            PID  Runtime      # DAGs    # Errors  Last Runtime    Last Run
---------------------------------  -----  ---------  --------  ----------  --------------  -------------------
/opt/airflow/dags/pipeline_dag.py   2354  0.00s             1           0  0.11s           2026-03-19T13:20:55
================================================================================
[2026-03-19T13:21:55.846+0000] {manager.py:878} INFO - 
================================================================================
DAG File Processing Stats

File Path                            PID  Runtime      # DAGs    # Errors  Last Runtime    Last Run
---------------------------------  -----  ---------  --------  ----------  --------------  -------------------
/opt/airflow/dags/pipeline_dag.py   2359  0.01s             1           0  0.12s           2026-03-19T13:21:25
================================================================================
[2026-03-19T13:22:26.024+0000] {manager.py:878} INFO - 
================================================================================
DAG File Processing Stats

File Path                            PID  Runtime      # DAGs    # Errors  Last Runtime    Last Run
---------------------------------  -----  ---------  --------  ----------  --------------  -------------------
/opt/airflow/dags/pipeline_dag.py   2364  0.00s             1           0  0.17s           2026-03-19T13:21:56
================================================================================
[2026-03-19T13:22:38.213+0000] {manager.py:737} INFO - Searching for files in /opt/airflow/dags
[2026-03-19T13:22:38.226+0000] {manager.py:740} INFO - There are 1 files in /opt/airflow/dags
[2026-03-19T13:22:56.355+0000] {manager.py:878} INFO - 
================================================================================
DAG File Processing Stats

File Path                            PID  Runtime      # DAGs    # Errors  Last Runtime    Last Run
---------------------------------  -----  ---------  --------  ----------  --------------  -------------------
/opt/airflow/dags/pipeline_dag.py   2369  0.00s             1           0  0.17s           2026-03-19T13:22:26
================================================================================
[2026-03-19T13:23:26.534+0000] {manager.py:878} INFO - 
================================================================================
DAG File Processing Stats

File Path                            PID  Runtime      # DAGs    # Errors  Last Runtime    Last Run
---------------------------------  -----  ---------  --------  ----------  --------------  -------------------
/opt/airflow/dags/pipeline_dag.py   2374  0.00s             1           0  0.16s           2026-03-19T13:22:56
================================================================================
[2026-03-19T13:23:56.825+0000] {manager.py:878} INFO - 
================================================================================
DAG File Processing Stats

File Path                            PID  Runtime      # DAGs    # Errors  Last Runtime    Last Run
---------------------------------  -----  ---------  --------  ----------  --------------  -------------------
/opt/airflow/dags/pipeline_dag.py   2379  0.00s             1           0  0.12s           2026-03-19T13:23:26
================================================================================
[2026-03-19T13:24:27.061+0000] {manager.py:878} INFO - 
================================================================================
DAG File Processing Stats

File Path                            PID  Runtime      # DAGs    # Errors  Last Runtime    Last Run
---------------------------------  -----  ---------  --------  ----------  --------------  -------------------
/opt/airflow/dags/pipeline_dag.py   2384  0.01s             1           0  0.13s           2026-03-19T13:23:56
================================================================================
[2026-03-19T13:24:57.301+0000] {manager.py:878} INFO - 
================================================================================
DAG File Processing Stats

File Path                            PID  Runtime      # DAGs    # Errors  Last Runtime    Last Run
---------------------------------  -----  ---------  --------  ----------  --------------  -------------------
/opt/airflow/dags/pipeline_dag.py   2389  0.00s             1           0  0.12s           2026-03-19T13:24:27
================================================================================
[2026-03-19T13:25:27.514+0000] {manager.py:878} INFO - 
================================================================================
DAG File Processing Stats

File Path                            PID  Runtime      # DAGs    # Errors  Last Runtime    Last Run
---------------------------------  -----  ---------  --------  ----------  --------------  -------------------
/opt/airflow/dags/pipeline_dag.py   2417  0.00s             1           0  0.13s           2026-03-19T13:24:57
================================================================================
[2026-03-19T13:25:57.740+0000] {manager.py:878} INFO - 
================================================================================
DAG File Processing Stats

File Path                            PID  Runtime      # DAGs    # Errors  Last Runtime    Last Run
---------------------------------  -----  ---------  --------  ----------  --------------  -------------------
/opt/airflow/dags/pipeline_dag.py   2422  0.01s             1           0  0.12s           2026-03-19T13:25:27
================================================================================
[2026-03-19T13:26:27.945+0000] {manager.py:878} INFO - 
================================================================================
DAG File Processing Stats

File Path                            PID  Runtime      # DAGs    # Errors  Last Runtime    Last Run
---------------------------------  -----  ---------  --------  ----------  --------------  -------------------
/opt/airflow/dags/pipeline_dag.py   2446  0.00s             1           0  0.14s           2026-03-19T13:25:57
================================================================================
[2026-03-19T13:26:58.198+0000] {manager.py:878} INFO - 
================================================================================
DAG File Processing Stats

File Path                            PID  Runtime      # DAGs    # Errors  Last Runtime    Last Run
---------------------------------  -----  ---------  --------  ----------  --------------  -------------------
/opt/airflow/dags/pipeline_dag.py   2451  0.00s             1           0  0.12s           2026-03-19T13:26:28
================================================================================
[2026-03-19T13:27:28.397+0000] {manager.py:878} INFO - 
================================================================================
DAG File Processing Stats

File Path                            PID  Runtime      # DAGs    # Errors  Last Runtime    Last Run
---------------------------------  -----  ---------  --------  ----------  --------------  -------------------
/opt/airflow/dags/pipeline_dag.py   2456  0.00s             1           0  0.13s           2026-03-19T13:26:58
================================================================================
[2026-03-19T13:27:38.538+0000] {manager.py:737} INFO - Searching for files in /opt/airflow/dags
[2026-03-19T13:27:38.552+0000] {manager.py:740} INFO - There are 1 files in /opt/airflow/dags
[2026-03-19T13:27:58.685+0000] {manager.py:878} INFO - 
================================================================================
DAG File Processing Stats

File Path                            PID  Runtime      # DAGs    # Errors  Last Runtime    Last Run
---------------------------------  -----  ---------  --------  ----------  --------------  -------------------
/opt/airflow/dags/pipeline_dag.py   2461  0.00s             1           0  0.12s           2026-03-19T13:27:28
================================================================================
[2026-03-19T13:28:28.884+0000] {manager.py:878} INFO - 
================================================================================
DAG File Processing Stats

File Path                            PID  Runtime      # DAGs    # Errors  Last Runtime    Last Run
---------------------------------  -----  ---------  --------  ----------  --------------  -------------------
/opt/airflow/dags/pipeline_dag.py   2466  0.00s             1           0  0.12s           2026-03-19T13:27:58
================================================================================
[2026-03-19T13:28:59.115+0000] {manager.py:878} INFO - 
================================================================================
DAG File Processing Stats

File Path                            PID  Runtime      # DAGs    # Errors  Last Runtime    Last Run
---------------------------------  -----  ---------  --------  ----------  --------------  -------------------
/opt/airflow/dags/pipeline_dag.py   2471  0.01s             1           0  0.18s           2026-03-19T13:28:29
================================================================================
[2026-03-19T13:29:29.425+0000] {manager.py:878} INFO - 
================================================================================
DAG File Processing Stats

File Path                            PID  Runtime      # DAGs    # Errors  Last Runtime    Last Run
---------------------------------  -----  ---------  --------  ----------  --------------  -------------------
/opt/airflow/dags/pipeline_dag.py   2476  0.00s             1           0  0.17s           2026-03-19T13:28:59
================================================================================
[2026-03-19T13:29:59.632+0000] {manager.py:878} INFO - 
================================================================================
DAG File Processing Stats

File Path                            PID  Runtime      # DAGs    # Errors  Last Runtime    Last Run
---------------------------------  -----  ---------  --------  ----------  --------------  -------------------
/opt/airflow/dags/pipeline_dag.py   2481  0.00s             1           0  0.17s           2026-03-19T13:29:29
================================================================================
[2026-03-19T13:30:29.906+0000] {manager.py:878} INFO - 
================================================================================
DAG File Processing Stats

File Path                            PID  Runtime      # DAGs    # Errors  Last Runtime    Last Run
---------------------------------  -----  ---------  --------  ----------  --------------  -------------------
/opt/airflow/dags/pipeline_dag.py   2509  0.01s             1           0  0.14s           2026-03-19T13:29:59
================================================================================
[2026-03-19T13:31:00.118+0000] {manager.py:878} INFO - 
================================================================================
DAG File Processing Stats

File Path                            PID  Runtime      # DAGs    # Errors  Last Runtime    Last Run
---------------------------------  -----  ---------  --------  ----------  --------------  -------------------
/opt/airflow/dags/pipeline_dag.py   2514  0.00s             1           0  0.13s           2026-03-19T13:30:30
================================================================================
[2026-03-19T13:31:30.365+0000] {manager.py:878} INFO - 
================================================================================
DAG File Processing Stats

File Path                            PID  Runtime      # DAGs    # Errors  Last Runtime    Last Run
---------------------------------  -----  ---------  --------  ----------  --------------  -------------------
/opt/airflow/dags/pipeline_dag.py   2538  0.00s             1           0  0.12s           2026-03-19T13:31:00
================================================================================
[2026-03-19T13:32:00.584+0000] {manager.py:878} INFO - 
================================================================================
DAG File Processing Stats

File Path                            PID  Runtime      # DAGs    # Errors  Last Runtime    Last Run
---------------------------------  -----  ---------  --------  ----------  --------------  -------------------
/opt/airflow/dags/pipeline_dag.py   2543  0.00s             1           0  0.13s           2026-03-19T13:31:30
================================================================================
[2026-03-19T13:32:30.833+0000] {manager.py:878} INFO - 
================================================================================
DAG File Processing Stats

File Path                            PID  Runtime      # DAGs    # Errors  Last Runtime    Last Run
---------------------------------  -----  ---------  --------  ----------  --------------  -------------------
/opt/airflow/dags/pipeline_dag.py   2548  0.00s             1           0  0.13s           2026-03-19T13:32:00
================================================================================
[2026-03-19T13:32:38.898+0000] {manager.py:737} INFO - Searching for files in /opt/airflow/dags
[2026-03-19T13:32:38.915+0000] {manager.py:740} INFO - There are 1 files in /opt/airflow/dags
[2026-03-19T13:33:01.066+0000] {manager.py:878} INFO - 
================================================================================
DAG File Processing Stats

File Path                            PID  Runtime      # DAGs    # Errors  Last Runtime    Last Run
---------------------------------  -----  ---------  --------  ----------  --------------  -------------------
/opt/airflow/dags/pipeline_dag.py   2553  0.00s             1           0  0.13s           2026-03-19T13:32:30
================================================================================
[2026-03-19T13:33:31.269+0000] {manager.py:878} INFO - 
================================================================================
DAG File Processing Stats

File Path                            PID  Runtime      # DAGs    # Errors  Last Runtime    Last Run
---------------------------------  -----  ---------  --------  ----------  --------------  -------------------
/opt/airflow/dags/pipeline_dag.py   2558  0.01s             1           0  0.13s           2026-03-19T13:33:01
================================================================================
[2026-03-19T13:34:01.509+0000] {manager.py:878} INFO - 
================================================================================
DAG File Processing Stats

File Path                            PID  Runtime      # DAGs    # Errors  Last Runtime    Last Run
---------------------------------  -----  ---------  --------  ----------  --------------  -------------------
/opt/airflow/dags/pipeline_dag.py   2563  0.00s             1           0  0.13s           2026-03-19T13:33:31
================================================================================
[2026-03-19T13:34:31.753+0000] {manager.py:878} INFO - 
================================================================================
DAG File Processing Stats

File Path                            PID  Runtime      # DAGs    # Errors  Last Runtime    Last Run
---------------------------------  -----  ---------  --------  ----------  --------------  -------------------
/opt/airflow/dags/pipeline_dag.py   2568  0.00s             1           0  0.12s           2026-03-19T13:34:01
================================================================================
[2026-03-19T13:35:01.928+0000] {manager.py:878} INFO - 
================================================================================
DAG File Processing Stats

File Path                          PID    Runtime      # DAGs    # Errors  Last Runtime    Last Run
---------------------------------  -----  ---------  --------  ----------  --------------  -------------------
/opt/airflow/dags/pipeline_dag.py                           1           0  0.18s           2026-03-19T13:34:31
================================================================================
[2026-03-19T13:35:32.261+0000] {manager.py:878} INFO - 
================================================================================
DAG File Processing Stats

File Path                          PID    Runtime      # DAGs    # Errors  Last Runtime    Last Run
---------------------------------  -----  ---------  --------  ----------  --------------  -------------------
/opt/airflow/dags/pipeline_dag.py                           1           0  0.22s           2026-03-19T13:35:02
================================================================================
[2026-03-19T13:36:02.664+0000] {manager.py:878} INFO - 
================================================================================
DAG File Processing Stats

File Path                            PID  Runtime      # DAGs    # Errors  Last Runtime    Last Run
---------------------------------  -----  ---------  --------  ----------  --------------  -------------------
/opt/airflow/dags/pipeline_dag.py   2606  0.00s             1           0  0.14s           2026-03-19T13:35:32
================================================================================
[2026-03-19T13:36:32.938+0000] {manager.py:878} INFO - 
================================================================================
DAG File Processing Stats

File Path                            PID  Runtime      # DAGs    # Errors  Last Runtime    Last Run
---------------------------------  -----  ---------  --------  ----------  --------------  -------------------
/opt/airflow/dags/pipeline_dag.py   2630  0.00s             1           0  0.13s           2026-03-19T13:36:02
================================================================================
[2026-03-19T13:37:03.152+0000] {manager.py:878} INFO - 
================================================================================
DAG File Processing Stats

File Path                            PID  Runtime      # DAGs    # Errors  Last Runtime    Last Run
---------------------------------  -----  ---------  --------  ----------  --------------  -------------------
/opt/airflow/dags/pipeline_dag.py   2635  0.00s             1           0  0.13s           2026-03-19T13:36:33
================================================================================
[2026-03-19T13:37:33.415+0000] {manager.py:878} INFO - 
================================================================================
DAG File Processing Stats

File Path                            PID  Runtime      # DAGs    # Errors  Last Runtime    Last Run
---------------------------------  -----  ---------  --------  ----------  --------------  -------------------
/opt/airflow/dags/pipeline_dag.py   2640  0.00s             1           0  0.12s           2026-03-19T13:37:03
================================================================================
[2026-03-19T13:37:39.455+0000] {manager.py:737} INFO - Searching for files in /opt/airflow/dags
[2026-03-19T13:37:39.470+0000] {manager.py:740} INFO - There are 1 files in /opt/airflow/dags
[2026-03-19T13:38:03.675+0000] {manager.py:878} INFO - 
================================================================================
DAG File Processing Stats

File Path                            PID  Runtime      # DAGs    # Errors  Last Runtime    Last Run
---------------------------------  -----  ---------  --------  ----------  --------------  -------------------
/opt/airflow/dags/pipeline_dag.py   2645  0.00s             1           0  0.14s           2026-03-19T13:37:33
================================================================================
[2026-03-19T13:38:33.870+0000] {manager.py:878} INFO - 
================================================================================
DAG File Processing Stats

File Path                            PID  Runtime      # DAGs    # Errors  Last Runtime    Last Run
---------------------------------  -----  ---------  --------  ----------  --------------  -------------------
/opt/airflow/dags/pipeline_dag.py   2650  0.00s             1           0  0.15s           2026-03-19T13:38:03
================================================================================
[2026-03-19T13:39:04.181+0000] {manager.py:878} INFO - 
================================================================================
DAG File Processing Stats

File Path                            PID  Runtime      # DAGs    # Errors  Last Runtime    Last Run
---------------------------------  -----  ---------  --------  ----------  --------------  -------------------
/opt/airflow/dags/pipeline_dag.py   2655  0.00s             1           0  0.13s           2026-03-19T13:38:33
================================================================================
[2026-03-19T13:39:34.403+0000] {manager.py:878} INFO - 
================================================================================
DAG File Processing Stats

File Path                            PID  Runtime      # DAGs    # Errors  Last Runtime    Last Run
---------------------------------  -----  ---------  --------  ----------  --------------  -------------------
/opt/airflow/dags/pipeline_dag.py   2660  0.00s             1           0  0.12s           2026-03-19T13:39:04
================================================================================
[2026-03-19T13:40:04.669+0000] {manager.py:878} INFO - 
================================================================================
DAG File Processing Stats

File Path                            PID  Runtime      # DAGs    # Errors  Last Runtime    Last Run
---------------------------------  -----  ---------  --------  ----------  --------------  -------------------
/opt/airflow/dags/pipeline_dag.py   2688  0.00s             1           0  0.14s           2026-03-19T13:39:34
================================================================================
[2026-03-19T13:40:34.865+0000] {manager.py:878} INFO - 
================================================================================
DAG File Processing Stats

File Path                            PID  Runtime      # DAGs    # Errors  Last Runtime    Last Run
---------------------------------  -----  ---------  --------  ----------  --------------  -------------------
/opt/airflow/dags/pipeline_dag.py   2693  0.00s             1           0  0.14s           2026-03-19T13:40:04
================================================================================
[2026-03-19T13:41:05.164+0000] {manager.py:878} INFO - 
================================================================================
DAG File Processing Stats

File Path                            PID  Runtime      # DAGs    # Errors  Last Runtime    Last Run
---------------------------------  -----  ---------  --------  ----------  --------------  -------------------
/opt/airflow/dags/pipeline_dag.py   2701  0.01s             1           0  0.17s           2026-03-19T13:40:35
================================================================================
[2026-03-19T13:41:35.335+0000] {manager.py:878} INFO - 
================================================================================
DAG File Processing Stats

File Path                          PID    Runtime      # DAGs    # Errors  Last Runtime    Last Run
---------------------------------  -----  ---------  --------  ----------  --------------  -------------------
/opt/airflow/dags/pipeline_dag.py                           1           0  0.19s           2026-03-19T13:41:05
================================================================================
[2026-03-19T13:42:05.661+0000] {manager.py:878} INFO - 
================================================================================
DAG File Processing Stats

File Path                          PID    Runtime      # DAGs    # Errors  Last Runtime    Last Run
---------------------------------  -----  ---------  --------  ----------  --------------  -------------------
/opt/airflow/dags/pipeline_dag.py                           1           0  0.19s           2026-03-19T13:41:35
================================================================================
[2026-03-19T13:42:36.007+0000] {manager.py:878} INFO - 
================================================================================
DAG File Processing Stats

File Path                            PID  Runtime      # DAGs    # Errors  Last Runtime    Last Run
---------------------------------  -----  ---------  --------  ----------  --------------  -------------------
/opt/airflow/dags/pipeline_dag.py   2732  0.00s             1           0  0.12s           2026-03-19T13:42:05
================================================================================
[2026-03-19T13:42:39.489+0000] {manager.py:737} INFO - Searching for files in /opt/airflow/dags
[2026-03-19T13:42:39.510+0000] {manager.py:740} INFO - There are 1 files in /opt/airflow/dags
[2026-03-19T13:43:06.255+0000] {manager.py:878} INFO - 
================================================================================
DAG File Processing Stats

File Path                          PID    Runtime      # DAGs    # Errors  Last Runtime    Last Run
---------------------------------  -----  ---------  --------  ----------  --------------  -------------------
/opt/airflow/dags/pipeline_dag.py                           1           0  0.47s           2026-03-19T13:42:36
================================================================================
[2026-03-19T13:43:36.938+0000] {manager.py:878} INFO - 
================================================================================
DAG File Processing Stats

File Path                            PID  Runtime      # DAGs    # Errors  Last Runtime    Last Run
---------------------------------  -----  ---------  --------  ----------  --------------  -------------------
/opt/airflow/dags/pipeline_dag.py   2742  0.00s             1           0  0.12s           2026-03-19T13:43:06
================================================================================
[2026-03-19T13:44:07.181+0000] {manager.py:878} INFO - 
================================================================================
DAG File Processing Stats

File Path                            PID  Runtime      # DAGs    # Errors  Last Runtime    Last Run
---------------------------------  -----  ---------  --------  ----------  --------------  -------------------
/opt/airflow/dags/pipeline_dag.py   2747  0.01s             1           0  0.15s           2026-03-19T13:43:37
================================================================================
[2026-03-19T13:44:37.455+0000] {manager.py:878} INFO - 
================================================================================
DAG File Processing Stats

File Path                            PID  Runtime      # DAGs    # Errors  Last Runtime    Last Run
---------------------------------  -----  ---------  --------  ----------  --------------  -------------------
/opt/airflow/dags/pipeline_dag.py   2752  0.01s             1           0  0.18s           2026-03-19T13:44:07
================================================================================
[2026-03-19T13:45:07.720+0000] {manager.py:878} INFO - 
================================================================================
DAG File Processing Stats

File Path                            PID  Runtime      # DAGs    # Errors  Last Runtime    Last Run
---------------------------------  -----  ---------  --------  ----------  --------------  -------------------
/opt/airflow/dags/pipeline_dag.py   2780  0.00s             1           0  0.14s           2026-03-19T13:44:37
================================================================================
[2026-03-19T13:45:37.933+0000] {manager.py:878} INFO - 
================================================================================
DAG File Processing Stats

File Path                            PID  Runtime      # DAGs    # Errors  Last Runtime    Last Run
---------------------------------  -----  ---------  --------  ----------  --------------  -------------------
/opt/airflow/dags/pipeline_dag.py   2785  0.00s             1           0  0.11s           2026-03-19T13:45:07
================================================================================
[2026-03-19T13:46:08.199+0000] {manager.py:878} INFO - 
================================================================================
DAG File Processing Stats

File Path                            PID  Runtime      # DAGs    # Errors  Last Runtime    Last Run
---------------------------------  -----  ---------  --------  ----------  --------------  -------------------
/opt/airflow/dags/pipeline_dag.py   2809  0.00s             1           0  0.11s           2026-03-19T13:45:38
================================================================================
[2026-03-19T13:46:38.408+0000] {manager.py:878} INFO - 
================================================================================
DAG File Processing Stats

File Path                            PID  Runtime      # DAGs    # Errors  Last Runtime    Last Run
---------------------------------  -----  ---------  --------  ----------  --------------  -------------------
/opt/airflow/dags/pipeline_dag.py   2814  0.00s             1           0  0.15s           2026-03-19T13:46:08
================================================================================
[2026-03-19T13:47:08.665+0000] {manager.py:878} INFO - 
================================================================================
DAG File Processing Stats

File Path                            PID  Runtime      # DAGs    # Errors  Last Runtime    Last Run
---------------------------------  -----  ---------  --------  ----------  --------------  -------------------
/opt/airflow/dags/pipeline_dag.py   2819  0.00s             1           0  0.13s           2026-03-19T13:46:38
================================================================================
[2026-03-19T13:47:38.861+0000] {manager.py:878} INFO - 
================================================================================
DAG File Processing Stats

File Path                            PID  Runtime      # DAGs    # Errors  Last Runtime    Last Run
---------------------------------  -----  ---------  --------  ----------  --------------  -------------------
/opt/airflow/dags/pipeline_dag.py   2824  0.00s             1           0  0.13s           2026-03-19T13:47:08
================================================================================
[2026-03-19T13:47:39.935+0000] {manager.py:737} INFO - Searching for files in /opt/airflow/dags
[2026-03-19T13:47:39.949+0000] {manager.py:740} INFO - There are 1 files in /opt/airflow/dags
[2026-03-19T13:48:09.134+0000] {manager.py:878} INFO - 
================================================================================
DAG File Processing Stats

File Path                            PID  Runtime      # DAGs    # Errors  Last Runtime    Last Run
---------------------------------  -----  ---------  --------  ----------  --------------  -------------------
/opt/airflow/dags/pipeline_dag.py   2829  0.00s             1           0  0.13s           2026-03-19T13:47:38
================================================================================
[2026-03-19T13:48:39.343+0000] {manager.py:878} INFO - 
================================================================================
DAG File Processing Stats

File Path                            PID  Runtime      # DAGs    # Errors  Last Runtime    Last Run
---------------------------------  -----  ---------  --------  ----------  --------------  -------------------
/opt/airflow/dags/pipeline_dag.py   2834  0.01s             1           0  0.12s           2026-03-19T13:48:09
================================================================================
[2026-03-19T13:49:09.590+0000] {manager.py:878} INFO - 
================================================================================
DAG File Processing Stats

File Path                            PID  Runtime      # DAGs    # Errors  Last Runtime    Last Run
---------------------------------  -----  ---------  --------  ----------  --------------  -------------------
/opt/airflow/dags/pipeline_dag.py   2839  0.01s             1           0  0.13s           2026-03-19T13:48:39
================================================================================
[2026-03-19T13:49:39.830+0000] {manager.py:878} INFO - 
================================================================================
DAG File Processing Stats

File Path                            PID  Runtime      # DAGs    # Errors  Last Runtime    Last Run
---------------------------------  -----  ---------  --------  ----------  --------------  -------------------
/opt/airflow/dags/pipeline_dag.py   2844  0.00s             1           0  0.13s           2026-03-19T13:49:09
================================================================================
[2026-03-19T13:50:10.066+0000] {manager.py:878} INFO - 
================================================================================
DAG File Processing Stats

File Path                            PID  Runtime      # DAGs    # Errors  Last Runtime    Last Run
---------------------------------  -----  ---------  --------  ----------  --------------  -------------------
/opt/airflow/dags/pipeline_dag.py   2872  0.00s             1           0  0.15s           2026-03-19T13:49:39
================================================================================
[2026-03-19T13:50:40.321+0000] {manager.py:878} INFO - 
================================================================================
DAG File Processing Stats

File Path                          PID    Runtime      # DAGs    # Errors  Last Runtime    Last Run
---------------------------------  -----  ---------  --------  ----------  --------------  -------------------
/opt/airflow/dags/pipeline_dag.py                           1           0  0.31s           2026-03-19T13:50:10
================================================================================
[2026-03-19T13:51:10.756+0000] {manager.py:878} INFO - 
================================================================================
DAG File Processing Stats

File Path                          PID    Runtime      # DAGs    # Errors  Last Runtime    Last Run
---------------------------------  -----  ---------  --------  ----------  --------------  -------------------
/opt/airflow/dags/pipeline_dag.py                           1           0  0.31s           2026-03-19T13:50:40
================================================================================
[2026-03-19T13:51:41.230+0000] {manager.py:878} INFO - 
================================================================================
DAG File Processing Stats

File Path                          PID    Runtime      # DAGs    # Errors  Last Runtime    Last Run
---------------------------------  -----  ---------  --------  ----------  --------------  -------------------
/opt/airflow/dags/pipeline_dag.py                           1           0  0.27s           2026-03-19T13:51:11
================================================================================
[2026-03-19T13:52:11.694+0000] {manager.py:878} INFO - 
================================================================================
DAG File Processing Stats

File Path                          PID    Runtime      # DAGs    # Errors  Last Runtime    Last Run
---------------------------------  -----  ---------  --------  ----------  --------------  -------------------
/opt/airflow/dags/pipeline_dag.py                           1           0  0.29s           2026-03-19T13:51:41
================================================================================
[2026-03-19T13:52:40.130+0000] {manager.py:737} INFO - Searching for files in /opt/airflow/dags
[2026-03-19T13:52:40.162+0000] {manager.py:740} INFO - There are 1 files in /opt/airflow/dags
[2026-03-19T13:52:42.235+0000] {manager.py:878} INFO - 
================================================================================
DAG File Processing Stats

File Path                            PID  Runtime      # DAGs    # Errors  Last Runtime    Last Run
---------------------------------  -----  ---------  --------  ----------  --------------  -------------------
/opt/airflow/dags/pipeline_dag.py   2916  0.00s             1           0  0.12s           2026-03-19T13:52:12
================================================================================
[2026-03-19T13:53:12.412+0000] {manager.py:878} INFO - 
================================================================================
DAG File Processing Stats

File Path                          PID    Runtime      # DAGs    # Errors  Last Runtime    Last Run
---------------------------------  -----  ---------  --------  ----------  --------------  -------------------
/opt/airflow/dags/pipeline_dag.py                           1           0  0.34s           2026-03-19T13:52:42
================================================================================
[2026-03-19T13:53:42.429+0000] {manager.py:878} INFO - 
================================================================================
DAG File Processing Stats

File Path                          PID    Runtime      # DAGs    # Errors  Last Runtime    Last Run
---------------------------------  -----  ---------  --------  ----------  --------------  -------------------
/opt/airflow/dags/pipeline_dag.py                           1           0  0.52s           2026-03-19T13:53:13
================================================================================
[2026-03-19T13:54:12.651+0000] {manager.py:878} INFO - 
================================================================================
DAG File Processing Stats

File Path                          PID    Runtime      # DAGs    # Errors  Last Runtime    Last Run
---------------------------------  -----  ---------  --------  ----------  --------------  -------------------
/opt/airflow/dags/pipeline_dag.py                           1           0  0.43s           2026-03-19T13:53:43
================================================================================
[2026-03-19T13:54:43.259+0000] {manager.py:878} INFO - 
================================================================================
DAG File Processing Stats

File Path                          PID    Runtime      # DAGs    # Errors  Last Runtime    Last Run
---------------------------------  -----  ---------  --------  ----------  --------------  -------------------
/opt/airflow/dags/pipeline_dag.py                           1           0  0.41s           2026-03-19T13:54:14
================================================================================
[2026-03-19T13:55:13.830+0000] {manager.py:878} INFO - 
================================================================================
DAG File Processing Stats

File Path                          PID    Runtime      # DAGs    # Errors  Last Runtime    Last Run
---------------------------------  -----  ---------  --------  ----------  --------------  -------------------
/opt/airflow/dags/pipeline_dag.py                           1           0  0.23s           2026-03-19T13:54:44
================================================================================
[2026-03-19T13:55:44.234+0000] {manager.py:878} INFO - 
================================================================================
DAG File Processing Stats

File Path                          PID    Runtime      # DAGs    # Errors  Last Runtime    Last Run
---------------------------------  -----  ---------  --------  ----------  --------------  -------------------
/opt/airflow/dags/pipeline_dag.py                           1           0  0.12s           2026-03-19T13:55:15
================================================================================
[2026-03-19T13:56:14.535+0000] {manager.py:878} INFO - 
================================================================================
DAG File Processing Stats

File Path                          PID    Runtime      # DAGs    # Errors  Last Runtime    Last Run
---------------------------------  -----  ---------  --------  ----------  --------------  -------------------
/opt/airflow/dags/pipeline_dag.py                           1           0  0.35s           2026-03-19T13:55:45
================================================================================
[2026-03-19T13:56:44.946+0000] {manager.py:878} INFO - 
================================================================================
DAG File Processing Stats

File Path                          PID    Runtime      # DAGs    # Errors  Last Runtime    Last Run
---------------------------------  -----  ---------  --------  ----------  --------------  -------------------
/opt/airflow/dags/pipeline_dag.py                           1           0  0.33s           2026-03-19T13:56:16
================================================================================
[2026-03-19T13:57:15.455+0000] {manager.py:878} INFO - 
================================================================================
DAG File Processing Stats

File Path                          PID    Runtime      # DAGs    # Errors  Last Runtime    Last Run
---------------------------------  -----  ---------  --------  ----------  --------------  -------------------
/opt/airflow/dags/pipeline_dag.py                           1           0  0.28s           2026-03-19T13:56:46
================================================================================
[2026-03-19T13:57:40.883+0000] {manager.py:737} INFO - Searching for files in /opt/airflow/dags
[2026-03-19T13:57:40.909+0000] {manager.py:740} INFO - There are 1 files in /opt/airflow/dags
[2026-03-19T13:57:45.948+0000] {manager.py:878} INFO - 
================================================================================
DAG File Processing Stats

File Path                          PID    Runtime      # DAGs    # Errors  Last Runtime    Last Run
---------------------------------  -----  ---------  --------  ----------  --------------  -------------------
/opt/airflow/dags/pipeline_dag.py                           1           0  0.14s           2026-03-19T13:57:16
================================================================================
[2026-03-19T13:58:16.214+0000] {manager.py:878} INFO - 
================================================================================
DAG File Processing Stats

File Path                          PID    Runtime      # DAGs    # Errors  Last Runtime    Last Run
---------------------------------  -----  ---------  --------  ----------  --------------  -------------------
/opt/airflow/dags/pipeline_dag.py                           1           0  0.28s           2026-03-19T13:57:47
================================================================================
[2026-03-19T13:58:46.601+0000] {manager.py:878} INFO - 
================================================================================
DAG File Processing Stats

File Path                          PID    Runtime      # DAGs    # Errors  Last Runtime    Last Run
---------------------------------  -----  ---------  --------  ----------  --------------  -------------------
/opt/airflow/dags/pipeline_dag.py                           1           0  0.34s           2026-03-19T13:58:17
================================================================================
[2026-03-19T13:59:17.121+0000] {manager.py:878} INFO - 
================================================================================
DAG File Processing Stats

File Path                          PID    Runtime      # DAGs    # Errors  Last Runtime    Last Run
---------------------------------  -----  ---------  --------  ----------  --------------  -------------------
/opt/airflow/dags/pipeline_dag.py                           1           0  0.27s           2026-03-19T13:58:48
================================================================================
[2026-03-19T13:59:47.599+0000] {manager.py:878} INFO - 
================================================================================
DAG File Processing Stats

File Path                          PID    Runtime      # DAGs    # Errors  Last Runtime    Last Run
---------------------------------  -----  ---------  --------  ----------  --------------  -------------------
/opt/airflow/dags/pipeline_dag.py                           1           0  0.17s           2026-03-19T13:59:18
================================================================================
[2026-03-19T14:00:17.903+0000] {manager.py:878} INFO - 
================================================================================
DAG File Processing Stats

File Path                          PID    Runtime      # DAGs    # Errors  Last Runtime    Last Run
---------------------------------  -----  ---------  --------  ----------  --------------  -------------------
/opt/airflow/dags/pipeline_dag.py                           1           0  0.19s           2026-03-19T13:59:48
================================================================================
[2026-03-19T14:00:48.136+0000] {manager.py:878} INFO - 
================================================================================
DAG File Processing Stats

File Path                          PID    Runtime      # DAGs    # Errors  Last Runtime    Last Run
---------------------------------  -----  ---------  --------  ----------  --------------  -------------------
/opt/airflow/dags/pipeline_dag.py                           1           0  0.33s           2026-03-19T14:00:19
================================================================================
[2026-03-19T14:01:18.567+0000] {manager.py:878} INFO - 
================================================================================
DAG File Processing Stats

File Path                          PID    Runtime      # DAGs    # Errors  Last Runtime    Last Run
---------------------------------  -----  ---------  --------  ----------  --------------  -------------------
/opt/airflow/dags/pipeline_dag.py                           1           0  0.27s           2026-03-19T14:00:49
================================================================================
[2026-03-19T14:01:49.019+0000] {manager.py:878} INFO - 
================================================================================
DAG File Processing Stats

File Path                          PID    Runtime      # DAGs    # Errors  Last Runtime    Last Run
---------------------------------  -----  ---------  --------  ----------  --------------  -------------------
/opt/airflow/dags/pipeline_dag.py                           1           0  0.36s           2026-03-19T14:01:20
================================================================================
[2026-03-19T14:02:19.811+0000] {manager.py:878} INFO - 
================================================================================
DAG File Processing Stats

File Path                          PID    Runtime      # DAGs    # Errors  Last Runtime    Last Run
---------------------------------  -----  ---------  --------  ----------  --------------  -------------------
/opt/airflow/dags/pipeline_dag.py                           1           0  0.14s           2026-03-19T14:01:50
================================================================================
[2026-03-19T14:02:41.061+0000] {manager.py:737} INFO - Searching for files in /opt/airflow/dags
[2026-03-19T14:02:41.109+0000] {manager.py:740} INFO - There are 1 files in /opt/airflow/dags
[2026-03-19T14:02:50.177+0000] {manager.py:878} INFO - 
================================================================================
DAG File Processing Stats

File Path                          PID    Runtime      # DAGs    # Errors  Last Runtime    Last Run
---------------------------------  -----  ---------  --------  ----------  --------------  -------------------
/opt/airflow/dags/pipeline_dag.py                           1           0  0.20s           2026-03-19T14:02:21
================================================================================
[2026-03-19T14:03:20.389+0000] {manager.py:878} INFO - 
================================================================================
DAG File Processing Stats

File Path                          PID    Runtime      # DAGs    # Errors  Last Runtime    Last Run
---------------------------------  -----  ---------  --------  ----------  --------------  -------------------
/opt/airflow/dags/pipeline_dag.py                           1           0  0.14s           2026-03-19T14:02:51
================================================================================
[2026-03-19T14:03:50.668+0000] {manager.py:878} INFO - 
================================================================================
DAG File Processing Stats

File Path                          PID    Runtime      # DAGs    # Errors  Last Runtime    Last Run
---------------------------------  -----  ---------  --------  ----------  --------------  -------------------
/opt/airflow/dags/pipeline_dag.py                           1           0  0.17s           2026-03-19T14:03:21
================================================================================
[2026-03-19T14:04:20.927+0000] {manager.py:878} INFO - 
================================================================================
DAG File Processing Stats

File Path                          PID    Runtime      # DAGs    # Errors  Last Runtime    Last Run
---------------------------------  -----  ---------  --------  ----------  --------------  -------------------
/opt/airflow/dags/pipeline_dag.py                           1           0  0.35s           2026-03-19T14:03:52
================================================================================
[2026-03-19T14:04:51.427+0000] {manager.py:878} INFO - 
================================================================================
DAG File Processing Stats

File Path                          PID    Runtime      # DAGs    # Errors  Last Runtime    Last Run
---------------------------------  -----  ---------  --------  ----------  --------------  -------------------
/opt/airflow/dags/pipeline_dag.py                           1           0  0.20s           2026-03-19T14:04:22
================================================================================
[2026-03-19T14:05:21.793+0000] {manager.py:878} INFO - 
================================================================================
DAG File Processing Stats

File Path                          PID    Runtime      # DAGs    # Errors  Last Runtime    Last Run
---------------------------------  -----  ---------  --------  ----------  --------------  -------------------
/opt/airflow/dags/pipeline_dag.py                           1           0  0.17s           2026-03-19T14:04:52
================================================================================
[2026-03-19T14:05:51.988+0000] {manager.py:878} INFO - 
================================================================================
DAG File Processing Stats

File Path                          PID    Runtime      # DAGs    # Errors  Last Runtime    Last Run
---------------------------------  -----  ---------  --------  ----------  --------------  -------------------
/opt/airflow/dags/pipeline_dag.py                           1           0  0.14s           2026-03-19T14:05:22
================================================================================
[2026-03-19T14:06:22.295+0000] {manager.py:878} INFO - 
================================================================================
DAG File Processing Stats

File Path                          PID    Runtime      # DAGs    # Errors  Last Runtime    Last Run
---------------------------------  -----  ---------  --------  ----------  --------------  -------------------
/opt/airflow/dags/pipeline_dag.py                           1           0  0.15s           2026-03-19T14:05:53
================================================================================
[2026-03-19T14:06:52.539+0000] {manager.py:878} INFO - 
================================================================================
DAG File Processing Stats

File Path                          PID    Runtime      # DAGs    # Errors  Last Runtime    Last Run
---------------------------------  -----  ---------  --------  ----------  --------------  -------------------
/opt/airflow/dags/pipeline_dag.py                           1           0  0.26s           2026-03-19T14:06:23
================================================================================
[2026-03-19T14:07:22.969+0000] {manager.py:878} INFO - 
================================================================================
DAG File Processing Stats

File Path                          PID    Runtime      # DAGs    # Errors  Last Runtime    Last Run
---------------------------------  -----  ---------  --------  ----------  --------------  -------------------
/opt/airflow/dags/pipeline_dag.py                           1           0  0.27s           2026-03-19T14:06:54
================================================================================
[2026-03-19T14:07:41.378+0000] {manager.py:737} INFO - Searching for files in /opt/airflow/dags
[2026-03-19T14:07:41.406+0000] {manager.py:740} INFO - There are 1 files in /opt/airflow/dags
[2026-03-19T14:07:53.506+0000] {manager.py:878} INFO - 
================================================================================
DAG File Processing Stats

File Path                          PID    Runtime      # DAGs    # Errors  Last Runtime    Last Run
---------------------------------  -----  ---------  --------  ----------  --------------  -------------------
/opt/airflow/dags/pipeline_dag.py                           1           0  0.18s           2026-03-19T14:07:24
================================================================================
[2026-03-19T14:08:23.741+0000] {manager.py:878} INFO - 
================================================================================
DAG File Processing Stats

File Path                          PID    Runtime      # DAGs    # Errors  Last Runtime    Last Run
---------------------------------  -----  ---------  --------  ----------  --------------  -------------------
/opt/airflow/dags/pipeline_dag.py                           1           0  0.16s           2026-03-19T14:07:54
================================================================================
[2026-03-19T14:08:54.016+0000] {manager.py:878} INFO - 
================================================================================
DAG File Processing Stats

File Path                          PID    Runtime      # DAGs    # Errors  Last Runtime    Last Run
---------------------------------  -----  ---------  --------  ----------  --------------  -------------------
/opt/airflow/dags/pipeline_dag.py                           1           0  0.20s           2026-03-19T14:08:24
================================================================================
[2026-03-19T14:09:24.298+0000] {manager.py:878} INFO - 
================================================================================
DAG File Processing Stats

File Path                          PID    Runtime      # DAGs    # Errors  Last Runtime    Last Run
---------------------------------  -----  ---------  --------  ----------  --------------  -------------------
/opt/airflow/dags/pipeline_dag.py                           1           0  0.15s           2026-03-19T14:08:55
================================================================================
[2026-03-19T14:09:54.548+0000] {manager.py:878} INFO - 
================================================================================
DAG File Processing Stats

File Path                          PID    Runtime      # DAGs    # Errors  Last Runtime    Last Run
---------------------------------  -----  ---------  --------  ----------  --------------  -------------------
/opt/airflow/dags/pipeline_dag.py                           1           0  0.17s           2026-03-19T14:09:25
================================================================================
[2026-03-19T14:10:24.884+0000] {manager.py:878} INFO - 
================================================================================
DAG File Processing Stats

File Path                          PID    Runtime      # DAGs    # Errors  Last Runtime    Last Run
---------------------------------  -----  ---------  --------  ----------  --------------  -------------------
/opt/airflow/dags/pipeline_dag.py                           1           0  0.46s           2026-03-19T14:09:56
================================================================================
[2026-03-19T14:10:54.959+0000] {manager.py:878} INFO - 
================================================================================
DAG File Processing Stats

File Path                          PID    Runtime      # DAGs    # Errors  Last Runtime    Last Run
---------------------------------  -----  ---------  --------  ----------  --------------  -------------------
/opt/airflow/dags/pipeline_dag.py                           1           0  0.50s           2026-03-19T14:10:26
================================================================================
[2026-03-19T14:11:25.162+0000] {manager.py:878} INFO - 
================================================================================
DAG File Processing Stats

File Path                          PID    Runtime      # DAGs    # Errors  Last Runtime    Last Run
---------------------------------  -----  ---------  --------  ----------  --------------  -------------------
/opt/airflow/dags/pipeline_dag.py                           1           0  0.16s           2026-03-19T14:10:57
================================================================================
[2026-03-19T14:11:55.534+0000] {manager.py:878} INFO - 
================================================================================
DAG File Processing Stats

File Path                          PID    Runtime      # DAGs    # Errors  Last Runtime    Last Run
---------------------------------  -----  ---------  --------  ----------  --------------  -------------------
/opt/airflow/dags/pipeline_dag.py                           1           0  0.22s           2026-03-19T14:11:27
================================================================================
[2026-03-19T14:12:25.820+0000] {manager.py:878} INFO - 
================================================================================
DAG File Processing Stats

File Path                          PID    Runtime      # DAGs    # Errors  Last Runtime    Last Run
---------------------------------  -----  ---------  --------  ----------  --------------  -------------------
/opt/airflow/dags/pipeline_dag.py                           1           0  0.19s           2026-03-19T14:11:57
================================================================================
[2026-03-19T14:12:42.018+0000] {manager.py:737} INFO - Searching for files in /opt/airflow/dags
[2026-03-19T14:12:42.053+0000] {manager.py:740} INFO - There are 1 files in /opt/airflow/dags
[2026-03-19T14:12:56.159+0000] {manager.py:878} INFO - 
================================================================================
DAG File Processing Stats

File Path                          PID    Runtime      # DAGs    # Errors  Last Runtime    Last Run
---------------------------------  -----  ---------  --------  ----------  --------------  -------------------
/opt/airflow/dags/pipeline_dag.py                           1           0  0.16s           2026-03-19T14:12:28
================================================================================
[2026-03-19T14:13:26.374+0000] {manager.py:878} INFO - 
================================================================================
DAG File Processing Stats

File Path                          PID    Runtime      # DAGs    # Errors  Last Runtime    Last Run
---------------------------------  -----  ---------  --------  ----------  --------------  -------------------
/opt/airflow/dags/pipeline_dag.py                           1           0  0.21s           2026-03-19T14:12:58
================================================================================
[2026-03-19T14:13:56.803+0000] {manager.py:878} INFO - 
================================================================================
DAG File Processing Stats

File Path                          PID    Runtime      # DAGs    # Errors  Last Runtime    Last Run
---------------------------------  -----  ---------  --------  ----------  --------------  -------------------
/opt/airflow/dags/pipeline_dag.py                           1           0  0.41s           2026-03-19T14:13:29
================================================================================
[2026-03-19T14:14:27.444+0000] {manager.py:878} INFO - 
================================================================================
DAG File Processing Stats

File Path                          PID    Runtime      # DAGs    # Errors  Last Runtime    Last Run
---------------------------------  -----  ---------  --------  ----------  --------------  -------------------
/opt/airflow/dags/pipeline_dag.py                           1           0  0.20s           2026-03-19T14:13:59
================================================================================
[2026-03-19T14:14:57.780+0000] {manager.py:878} INFO - 
================================================================================
DAG File Processing Stats

File Path                          PID    Runtime      # DAGs    # Errors  Last Runtime    Last Run
---------------------------------  -----  ---------  --------  ----------  --------------  -------------------
/opt/airflow/dags/pipeline_dag.py                           1           0  0.21s           2026-03-19T14:14:29
================================================================================
[2026-03-19T14:15:28.012+0000] {manager.py:878} INFO - 
================================================================================
DAG File Processing Stats

File Path                          PID    Runtime      # DAGs    # Errors  Last Runtime    Last Run
---------------------------------  -----  ---------  --------  ----------  --------------  -------------------
/opt/airflow/dags/pipeline_dag.py                           1           0  0.16s           2026-03-19T14:14:59
================================================================================
[2026-03-19T14:15:58.268+0000] {manager.py:878} INFO - 
================================================================================
DAG File Processing Stats

File Path                          PID    Runtime      # DAGs    # Errors  Last Runtime    Last Run
---------------------------------  -----  ---------  --------  ----------  --------------  -------------------
/opt/airflow/dags/pipeline_dag.py                           1           0  0.14s           2026-03-19T14:15:30
================================================================================
[2026-03-19T14:16:28.503+0000] {manager.py:878} INFO - 
================================================================================
DAG File Processing Stats

File Path                          PID    Runtime      # DAGs    # Errors  Last Runtime    Last Run
---------------------------------  -----  ---------  --------  ----------  --------------  -------------------
/opt/airflow/dags/pipeline_dag.py                           1           0  0.20s           2026-03-19T14:16:00
================================================================================
[2026-03-19T14:16:58.739+0000] {manager.py:878} INFO - 
================================================================================
DAG File Processing Stats

File Path                          PID    Runtime      # DAGs    # Errors  Last Runtime    Last Run
---------------------------------  -----  ---------  --------  ----------  --------------  -------------------
/opt/airflow/dags/pipeline_dag.py                           1           0  0.12s           2026-03-19T14:16:30
================================================================================
[2026-03-19T14:17:28.987+0000] {manager.py:878} INFO - 
================================================================================
DAG File Processing Stats

File Path                          PID    Runtime      # DAGs    # Errors  Last Runtime    Last Run
---------------------------------  -----  ---------  --------  ----------  --------------  -------------------
/opt/airflow/dags/pipeline_dag.py                           1           0  0.12s           2026-03-19T14:17:00
================================================================================
[2026-03-19T14:17:42.087+0000] {manager.py:737} INFO - Searching for files in /opt/airflow/dags
[2026-03-19T14:17:42.104+0000] {manager.py:740} INFO - There are 1 files in /opt/airflow/dags
[2026-03-19T14:17:59.198+0000] {manager.py:878} INFO - 
================================================================================
DAG File Processing Stats

File Path                          PID    Runtime      # DAGs    # Errors  Last Runtime    Last Run
---------------------------------  -----  ---------  --------  ----------  --------------  -------------------
/opt/airflow/dags/pipeline_dag.py                           1           0  0.12s           2026-03-19T14:17:31
================================================================================
[2026-03-19T14:18:29.434+0000] {manager.py:878} INFO - 
================================================================================
DAG File Processing Stats

File Path                          PID    Runtime      # DAGs    # Errors  Last Runtime    Last Run
---------------------------------  -----  ---------  --------  ----------  --------------  -------------------
/opt/airflow/dags/pipeline_dag.py                           1           0  0.12s           2026-03-19T14:18:01
================================================================================
[2026-03-19T14:18:59.668+0000] {manager.py:878} INFO - 
================================================================================
DAG File Processing Stats

File Path                          PID    Runtime      # DAGs    # Errors  Last Runtime    Last Run
---------------------------------  -----  ---------  --------  ----------  --------------  -------------------
/opt/airflow/dags/pipeline_dag.py                           1           0  0.17s           2026-03-19T14:18:31
================================================================================
[2026-03-19T14:19:29.935+0000] {manager.py:878} INFO - 
================================================================================
DAG File Processing Stats

File Path                          PID    Runtime      # DAGs    # Errors  Last Runtime    Last Run
---------------------------------  -----  ---------  --------  ----------  --------------  -------------------
/opt/airflow/dags/pipeline_dag.py                           1           0  0.12s           2026-03-19T14:19:01
================================================================================
[2026-03-19T14:20:00.144+0000] {manager.py:878} INFO - 
================================================================================
DAG File Processing Stats

File Path                          PID    Runtime      # DAGs    # Errors  Last Runtime    Last Run
---------------------------------  -----  ---------  --------  ----------  --------------  -------------------
/opt/airflow/dags/pipeline_dag.py                           1           0  0.13s           2026-03-19T14:19:32
================================================================================
[2026-03-19T14:20:30.416+0000] {manager.py:878} INFO - 
================================================================================
DAG File Processing Stats

File Path                          PID    Runtime      # DAGs    # Errors  Last Runtime    Last Run
---------------------------------  -----  ---------  --------  ----------  --------------  -------------------
/opt/airflow/dags/pipeline_dag.py                           1           0  0.13s           2026-03-19T14:20:02
================================================================================
[2026-03-19T14:21:00.602+0000] {manager.py:878} INFO - 
================================================================================
DAG File Processing Stats

File Path                          PID    Runtime      # DAGs    # Errors  Last Runtime    Last Run
---------------------------------  -----  ---------  --------  ----------  --------------  -------------------
/opt/airflow/dags/pipeline_dag.py                           1           0  0.12s           2026-03-19T14:20:32
================================================================================
[2026-03-19T14:21:30.842+0000] {manager.py:878} INFO - 
================================================================================
DAG File Processing Stats

File Path                          PID    Runtime      # DAGs    # Errors  Last Runtime    Last Run
---------------------------------  -----  ---------  --------  ----------  --------------  -------------------
/opt/airflow/dags/pipeline_dag.py                           1           0  0.12s           2026-03-19T14:21:02
================================================================================
[2026-03-19T14:22:01.045+0000] {manager.py:878} INFO - 
================================================================================
DAG File Processing Stats

File Path                          PID    Runtime      # DAGs    # Errors  Last Runtime    Last Run
---------------------------------  -----  ---------  --------  ----------  --------------  -------------------
/opt/airflow/dags/pipeline_dag.py                           1           0  0.14s           2026-03-19T14:21:32
================================================================================
[2026-03-19T14:22:31.304+0000] {manager.py:878} INFO - 
================================================================================
DAG File Processing Stats

File Path                          PID    Runtime      # DAGs    # Errors  Last Runtime    Last Run
---------------------------------  -----  ---------  --------  ----------  --------------  -------------------
/opt/airflow/dags/pipeline_dag.py                           1           0  0.13s           2026-03-19T14:22:03
================================================================================
[2026-03-19T14:22:42.409+0000] {manager.py:737} INFO - Searching for files in /opt/airflow/dags
[2026-03-19T14:22:42.424+0000] {manager.py:740} INFO - There are 1 files in /opt/airflow/dags
[2026-03-19T14:23:01.531+0000] {manager.py:878} INFO - 
================================================================================
DAG File Processing Stats

File Path                          PID    Runtime      # DAGs    # Errors  Last Runtime    Last Run
---------------------------------  -----  ---------  --------  ----------  --------------  -------------------
/opt/airflow/dags/pipeline_dag.py                           1           0  0.19s           2026-03-19T14:22:33
================================================================================
[2026-03-19T14:23:31.683+0000] {manager.py:878} INFO - 
================================================================================
DAG File Processing Stats

File Path                          PID    Runtime      # DAGs    # Errors  Last Runtime    Last Run
---------------------------------  -----  ---------  --------  ----------  --------------  -------------------
/opt/airflow/dags/pipeline_dag.py                           1           0  0.13s           2026-03-19T14:23:03
================================================================================
[2026-03-19T14:24:01.994+0000] {manager.py:878} INFO - 
================================================================================
DAG File Processing Stats

File Path                          PID    Runtime      # DAGs    # Errors  Last Runtime    Last Run
---------------------------------  -----  ---------  --------  ----------  --------------  -------------------
/opt/airflow/dags/pipeline_dag.py                           1           0  0.14s           2026-03-19T14:23:33
================================================================================
[2026-03-19T14:24:32.162+0000] {manager.py:878} INFO - 
================================================================================
DAG File Processing Stats

File Path                          PID    Runtime      # DAGs    # Errors  Last Runtime    Last Run
---------------------------------  -----  ---------  --------  ----------  --------------  -------------------
/opt/airflow/dags/pipeline_dag.py                           1           0  0.13s           2026-03-19T14:24:04
================================================================================
[2026-03-19T14:25:02.461+0000] {manager.py:878} INFO - 
================================================================================
DAG File Processing Stats

File Path                          PID    Runtime      # DAGs    # Errors  Last Runtime    Last Run
---------------------------------  -----  ---------  --------  ----------  --------------  -------------------
/opt/airflow/dags/pipeline_dag.py                           1           0  0.17s           2026-03-19T14:24:34
================================================================================
[2026-03-19T14:25:32.726+0000] {manager.py:878} INFO - 
================================================================================
DAG File Processing Stats

File Path                          PID    Runtime      # DAGs    # Errors  Last Runtime    Last Run
---------------------------------  -----  ---------  --------  ----------  --------------  -------------------
/opt/airflow/dags/pipeline_dag.py                           1           0  0.30s           2026-03-19T14:25:04
================================================================================
[2026-03-19T14:26:03.171+0000] {manager.py:878} INFO - 
================================================================================
DAG File Processing Stats

File Path                          PID    Runtime      # DAGs    # Errors  Last Runtime    Last Run
---------------------------------  -----  ---------  --------  ----------  --------------  -------------------
/opt/airflow/dags/pipeline_dag.py                           1           0  0.13s           2026-03-19T14:25:35
================================================================================
[2026-03-19T14:26:33.474+0000] {manager.py:878} INFO - 
================================================================================
DAG File Processing Stats

File Path                          PID    Runtime      # DAGs    # Errors  Last Runtime    Last Run
---------------------------------  -----  ---------  --------  ----------  --------------  -------------------
/opt/airflow/dags/pipeline_dag.py                           1           0  0.13s           2026-03-19T14:26:05
================================================================================
[2026-03-19T14:27:03.710+0000] {manager.py:878} INFO - 
================================================================================
DAG File Processing Stats

File Path                          PID    Runtime      # DAGs    # Errors  Last Runtime    Last Run
---------------------------------  -----  ---------  --------  ----------  --------------  -------------------
/opt/airflow/dags/pipeline_dag.py                           1           0  0.17s           2026-03-19T14:26:35
================================================================================
[2026-03-19T14:27:33.987+0000] {manager.py:878} INFO - 
================================================================================
DAG File Processing Stats

File Path                          PID    Runtime      # DAGs    # Errors  Last Runtime    Last Run
---------------------------------  -----  ---------  --------  ----------  --------------  -------------------
/opt/airflow/dags/pipeline_dag.py                           1           0  0.21s           2026-03-19T14:27:05
================================================================================
[2026-03-19T14:27:43.154+0000] {manager.py:737} INFO - Searching for files in /opt/airflow/dags
[2026-03-19T14:27:43.214+0000] {manager.py:740} INFO - There are 1 files in /opt/airflow/dags
[2026-03-19T14:28:04.356+0000] {manager.py:878} INFO - 
================================================================================
DAG File Processing Stats

File Path                          PID    Runtime      # DAGs    # Errors  Last Runtime    Last Run
---------------------------------  -----  ---------  --------  ----------  --------------  -------------------
/opt/airflow/dags/pipeline_dag.py                           1           0  0.17s           2026-03-19T14:27:36
================================================================================
[2026-03-19T14:28:34.572+0000] {manager.py:878} INFO - 
================================================================================
DAG File Processing Stats

File Path                          PID    Runtime      # DAGs    # Errors  Last Runtime    Last Run
---------------------------------  -----  ---------  --------  ----------  --------------  -------------------
/opt/airflow/dags/pipeline_dag.py                           1           0  0.19s           2026-03-19T14:28:06
================================================================================
[2026-03-19T14:29:04.911+0000] {manager.py:878} INFO - 
================================================================================
DAG File Processing Stats

File Path                          PID    Runtime      # DAGs    # Errors  Last Runtime    Last Run
---------------------------------  -----  ---------  --------  ----------  --------------  -------------------
/opt/airflow/dags/pipeline_dag.py                           1           0  0.15s           2026-03-19T14:28:36
================================================================================
[2026-03-19T14:29:35.192+0000] {manager.py:878} INFO - 
================================================================================
DAG File Processing Stats

File Path                          PID    Runtime      # DAGs    # Errors  Last Runtime    Last Run
---------------------------------  -----  ---------  --------  ----------  --------------  -------------------
/opt/airflow/dags/pipeline_dag.py                           1           0  0.14s           2026-03-19T14:29:07
================================================================================
[2026-03-19T14:30:05.400+0000] {manager.py:878} INFO - 
================================================================================
DAG File Processing Stats

File Path                          PID    Runtime      # DAGs    # Errors  Last Runtime    Last Run
---------------------------------  -----  ---------  --------  ----------  --------------  -------------------
/opt/airflow/dags/pipeline_dag.py                           1           0  0.15s           2026-03-19T14:29:37
================================================================================
[2026-03-19T14:30:35.696+0000] {manager.py:878} INFO - 
================================================================================
DAG File Processing Stats

File Path                          PID    Runtime      # DAGs    # Errors  Last Runtime    Last Run
---------------------------------  -----  ---------  --------  ----------  --------------  -------------------
/opt/airflow/dags/pipeline_dag.py                           1           0  0.20s           2026-03-19T14:30:07
================================================================================
[2026-03-19T14:31:05.964+0000] {manager.py:878} INFO - 
================================================================================
DAG File Processing Stats

File Path                          PID    Runtime      # DAGs    # Errors  Last Runtime    Last Run
---------------------------------  -----  ---------  --------  ----------  --------------  -------------------
/opt/airflow/dags/pipeline_dag.py                           1           0  0.12s           2026-03-19T14:30:37
================================================================================
[2026-03-19T14:31:36.176+0000] {manager.py:878} INFO - 
================================================================================
DAG File Processing Stats

File Path                          PID    Runtime      # DAGs    # Errors  Last Runtime    Last Run
---------------------------------  -----  ---------  --------  ----------  --------------  -------------------
/opt/airflow/dags/pipeline_dag.py                           1           0  0.14s           2026-03-19T14:31:08
================================================================================
[2026-03-19T14:32:06.450+0000] {manager.py:878} INFO - 
================================================================================
DAG File Processing Stats

File Path                          PID    Runtime      # DAGs    # Errors  Last Runtime    Last Run
---------------------------------  -----  ---------  --------  ----------  --------------  -------------------
/opt/airflow/dags/pipeline_dag.py                           1           0  0.15s           2026-03-19T14:31:38
================================================================================
[2026-03-19T14:32:36.674+0000] {manager.py:878} INFO - 
================================================================================
DAG File Processing Stats

File Path                          PID    Runtime      # DAGs    # Errors  Last Runtime    Last Run
---------------------------------  -----  ---------  --------  ----------  --------------  -------------------
/opt/airflow/dags/pipeline_dag.py                           1           0  0.16s           2026-03-19T14:32:08
================================================================================
[2026-03-19T14:32:43.822+0000] {manager.py:737} INFO - Searching for files in /opt/airflow/dags
[2026-03-19T14:32:43.851+0000] {manager.py:740} INFO - There are 1 files in /opt/airflow/dags
[2026-03-19T14:33:07.006+0000] {manager.py:878} INFO - 
================================================================================
DAG File Processing Stats

File Path                          PID    Runtime      # DAGs    # Errors  Last Runtime    Last Run
---------------------------------  -----  ---------  --------  ----------  --------------  -------------------
/opt/airflow/dags/pipeline_dag.py                           1           0  0.14s           2026-03-19T14:32:38
================================================================================
[2026-03-19T14:33:37.202+0000] {manager.py:878} INFO - 
================================================================================
DAG File Processing Stats

File Path                          PID    Runtime      # DAGs    # Errors  Last Runtime    Last Run
---------------------------------  -----  ---------  --------  ----------  --------------  -------------------
/opt/airflow/dags/pipeline_dag.py                           1           0  0.12s           2026-03-19T14:33:09
================================================================================
[2026-03-19T14:34:07.457+0000] {manager.py:878} INFO - 
================================================================================
DAG File Processing Stats

File Path                          PID    Runtime      # DAGs    # Errors  Last Runtime    Last Run
---------------------------------  -----  ---------  --------  ----------  --------------  -------------------
/opt/airflow/dags/pipeline_dag.py                           1           0  0.15s           2026-03-19T14:33:39
================================================================================
[2026-03-19T14:34:37.668+0000] {manager.py:878} INFO - 
================================================================================
DAG File Processing Stats

File Path                          PID    Runtime      # DAGs    # Errors  Last Runtime    Last Run
---------------------------------  -----  ---------  --------  ----------  --------------  -------------------
/opt/airflow/dags/pipeline_dag.py                           1           0  0.15s           2026-03-19T14:34:09
================================================================================
[2026-03-19T14:35:07.931+0000] {manager.py:878} INFO - 
================================================================================
DAG File Processing Stats

File Path                          PID    Runtime      # DAGs    # Errors  Last Runtime    Last Run
---------------------------------  -----  ---------  --------  ----------  --------------  -------------------
/opt/airflow/dags/pipeline_dag.py                           1           0  0.19s           2026-03-19T14:34:39
================================================================================
[2026-03-19T14:35:38.209+0000] {manager.py:878} INFO - 
================================================================================
DAG File Processing Stats

File Path                          PID    Runtime      # DAGs    # Errors  Last Runtime    Last Run
---------------------------------  -----  ---------  --------  ----------  --------------  -------------------
/opt/airflow/dags/pipeline_dag.py                           1           0  0.16s           2026-03-19T14:35:10
================================================================================
[2026-03-19T14:36:08.440+0000] {manager.py:878} INFO - 
================================================================================
DAG File Processing Stats

File Path                          PID    Runtime      # DAGs    # Errors  Last Runtime    Last Run
---------------------------------  -----  ---------  --------  ----------  --------------  -------------------
/opt/airflow/dags/pipeline_dag.py                           1           0  0.13s           2026-03-19T14:35:40
================================================================================
[2026-03-19T14:36:38.665+0000] {manager.py:878} INFO - 
================================================================================
DAG File Processing Stats

File Path                          PID    Runtime      # DAGs    # Errors  Last Runtime    Last Run
---------------------------------  -----  ---------  --------  ----------  --------------  -------------------
/opt/airflow/dags/pipeline_dag.py                           1           0  0.13s           2026-03-19T14:36:10
================================================================================
[2026-03-19T14:37:08.939+0000] {manager.py:878} INFO - 
================================================================================
DAG File Processing Stats

File Path                          PID    Runtime      # DAGs    # Errors  Last Runtime    Last Run
---------------------------------  -----  ---------  --------  ----------  --------------  -------------------
/opt/airflow/dags/pipeline_dag.py                           1           0  0.20s           2026-03-19T14:36:40
================================================================================
[2026-03-19T14:37:39.127+0000] {manager.py:878} INFO - 
================================================================================
DAG File Processing Stats

File Path                          PID    Runtime      # DAGs    # Errors  Last Runtime    Last Run
---------------------------------  -----  ---------  --------  ----------  --------------  -------------------
/opt/airflow/dags/pipeline_dag.py                           1           0  0.13s           2026-03-19T14:37:11
================================================================================
[2026-03-19T14:37:44.256+0000] {manager.py:737} INFO - Searching for files in /opt/airflow/dags
[2026-03-19T14:37:44.272+0000] {manager.py:740} INFO - There are 1 files in /opt/airflow/dags
[2026-03-19T14:38:09.441+0000] {manager.py:878} INFO - 
================================================================================
DAG File Processing Stats

File Path                          PID    Runtime      # DAGs    # Errors  Last Runtime    Last Run
---------------------------------  -----  ---------  --------  ----------  --------------  -------------------
/opt/airflow/dags/pipeline_dag.py                           1           0  0.25s           2026-03-19T14:37:41
================================================================================
[2026-03-19T14:38:39.712+0000] {manager.py:878} INFO - 
================================================================================
DAG File Processing Stats

File Path                          PID    Runtime      # DAGs    # Errors  Last Runtime    Last Run
---------------------------------  -----  ---------  --------  ----------  --------------  -------------------
/opt/airflow/dags/pipeline_dag.py                           1           0  0.13s           2026-03-19T14:38:11
================================================================================
[2026-03-19T14:39:09.951+0000] {manager.py:878} INFO - 
================================================================================
DAG File Processing Stats

File Path                          PID    Runtime      # DAGs    # Errors  Last Runtime    Last Run
---------------------------------  -----  ---------  --------  ----------  --------------  -------------------
/opt/airflow/dags/pipeline_dag.py                           1           0  0.14s           2026-03-19T14:38:41
================================================================================
[2026-03-19T14:39:40.286+0000] {manager.py:878} INFO - 
================================================================================
DAG File Processing Stats

File Path                          PID    Runtime      # DAGs    # Errors  Last Runtime    Last Run
---------------------------------  -----  ---------  --------  ----------  --------------  -------------------
/opt/airflow/dags/pipeline_dag.py                           1           0  0.16s           2026-03-19T14:39:12
================================================================================
[2026-03-19T14:40:10.484+0000] {manager.py:878} INFO - 
================================================================================
DAG File Processing Stats

File Path                          PID    Runtime      # DAGs    # Errors  Last Runtime    Last Run
---------------------------------  -----  ---------  --------  ----------  --------------  -------------------
/opt/airflow/dags/pipeline_dag.py                           1           0  0.16s           2026-03-19T14:39:42
================================================================================
[2026-03-19T14:40:40.804+0000] {manager.py:878} INFO - 
================================================================================
DAG File Processing Stats

File Path                          PID    Runtime      # DAGs    # Errors  Last Runtime    Last Run
---------------------------------  -----  ---------  --------  ----------  --------------  -------------------
/opt/airflow/dags/pipeline_dag.py                           1           0  0.16s           2026-03-19T14:40:12
================================================================================
[2026-03-19T14:41:11.000+0000] {manager.py:878} INFO - 
================================================================================
DAG File Processing Stats

File Path                          PID    Runtime      # DAGs    # Errors  Last Runtime    Last Run
---------------------------------  -----  ---------  --------  ----------  --------------  -------------------
/opt/airflow/dags/pipeline_dag.py                           1           0  0.20s           2026-03-19T14:40:43
================================================================================
[2026-03-19T14:41:41.379+0000] {manager.py:878} INFO - 
================================================================================
DAG File Processing Stats

File Path                          PID    Runtime      # DAGs    # Errors  Last Runtime    Last Run
---------------------------------  -----  ---------  --------  ----------  --------------  -------------------
/opt/airflow/dags/pipeline_dag.py                           1           0  0.12s           2026-03-19T14:41:13
================================================================================
[2026-03-19T14:42:11.605+0000] {manager.py:878} INFO - 
================================================================================
DAG File Processing Stats

File Path                          PID    Runtime      # DAGs    # Errors  Last Runtime    Last Run
---------------------------------  -----  ---------  --------  ----------  --------------  -------------------
/opt/airflow/dags/pipeline_dag.py                           1           0  0.13s           2026-03-19T14:41:43
================================================================================
[2026-03-19T14:42:41.878+0000] {manager.py:878} INFO - 
================================================================================
DAG File Processing Stats

File Path                          PID    Runtime      # DAGs    # Errors  Last Runtime    Last Run
---------------------------------  -----  ---------  --------  ----------  --------------  -------------------
/opt/airflow/dags/pipeline_dag.py                           1           0  0.13s           2026-03-19T14:42:13
================================================================================
[2026-03-19T14:42:44.929+0000] {manager.py:737} INFO - Searching for files in /opt/airflow/dags
[2026-03-19T14:42:44.943+0000] {manager.py:740} INFO - There are 1 files in /opt/airflow/dags
[2026-03-19T14:43:12.121+0000] {manager.py:878} INFO - 
================================================================================
DAG File Processing Stats

File Path                          PID    Runtime      # DAGs    # Errors  Last Runtime    Last Run
---------------------------------  -----  ---------  --------  ----------  --------------  -------------------
/opt/airflow/dags/pipeline_dag.py                           1           0  0.14s           2026-03-19T14:42:44
================================================================================
[2026-03-19T14:43:42.335+0000] {manager.py:878} INFO - 
================================================================================
DAG File Processing Stats

File Path                          PID    Runtime      # DAGs    # Errors  Last Runtime    Last Run
---------------------------------  -----  ---------  --------  ----------  --------------  -------------------
/opt/airflow/dags/pipeline_dag.py                           1           0  0.12s           2026-03-19T14:43:14
================================================================================
[2026-03-19T14:44:12.559+0000] {manager.py:878} INFO - 
================================================================================
DAG File Processing Stats

File Path                          PID    Runtime      # DAGs    # Errors  Last Runtime    Last Run
---------------------------------  -----  ---------  --------  ----------  --------------  -------------------
/opt/airflow/dags/pipeline_dag.py                           1           0  0.13s           2026-03-19T14:43:44
================================================================================
[2026-03-19T14:44:42.780+0000] {manager.py:878} INFO - 
================================================================================
DAG File Processing Stats

File Path                          PID    Runtime      # DAGs    # Errors  Last Runtime    Last Run
---------------------------------  -----  ---------  --------  ----------  --------------  -------------------
/opt/airflow/dags/pipeline_dag.py                           1           0  0.13s           2026-03-19T14:44:14
================================================================================
[2026-03-19T14:45:12.997+0000] {manager.py:878} INFO - 
================================================================================
DAG File Processing Stats

File Path                          PID    Runtime      # DAGs    # Errors  Last Runtime    Last Run
---------------------------------  -----  ---------  --------  ----------  --------------  -------------------
/opt/airflow/dags/pipeline_dag.py                           1           0  0.14s           2026-03-19T14:44:44
================================================================================
[2026-03-19T14:45:43.250+0000] {manager.py:878} INFO - 
================================================================================
DAG File Processing Stats

File Path                          PID    Runtime      # DAGs    # Errors  Last Runtime    Last Run
---------------------------------  -----  ---------  --------  ----------  --------------  -------------------
/opt/airflow/dags/pipeline_dag.py                           1           0  0.13s           2026-03-19T14:45:15
================================================================================
[2026-03-19T14:46:13.445+0000] {manager.py:878} INFO - 
================================================================================
DAG File Processing Stats

File Path                          PID    Runtime      # DAGs    # Errors  Last Runtime    Last Run
---------------------------------  -----  ---------  --------  ----------  --------------  -------------------
/opt/airflow/dags/pipeline_dag.py                           1           0  0.24s           2026-03-19T14:45:45
================================================================================
[2026-03-19T14:46:43.876+0000] {manager.py:878} INFO - 
================================================================================
DAG File Processing Stats

File Path                          PID    Runtime      # DAGs    # Errors  Last Runtime    Last Run
---------------------------------  -----  ---------  --------  ----------  --------------  -------------------
/opt/airflow/dags/pipeline_dag.py                           1           0  0.12s           2026-03-19T14:46:15
================================================================================
[2026-03-19T14:47:14.124+0000] {manager.py:878} INFO - 
================================================================================
DAG File Processing Stats

File Path                          PID    Runtime      # DAGs    # Errors  Last Runtime    Last Run
---------------------------------  -----  ---------  --------  ----------  --------------  -------------------
/opt/airflow/dags/pipeline_dag.py                           1           0  0.24s           2026-03-19T14:46:46
================================================================================
[2026-03-19T14:47:44.483+0000] {manager.py:878} INFO - 
================================================================================
DAG File Processing Stats

File Path                          PID    Runtime      # DAGs    # Errors  Last Runtime    Last Run
---------------------------------  -----  ---------  --------  ----------  --------------  -------------------
/opt/airflow/dags/pipeline_dag.py                           1           0  0.18s           2026-03-19T14:47:16
================================================================================
[2026-03-19T14:47:45.489+0000] {manager.py:737} INFO - Searching for files in /opt/airflow/dags
[2026-03-19T14:47:45.526+0000] {manager.py:740} INFO - There are 1 files in /opt/airflow/dags
[2026-03-19T14:48:14.788+0000] {manager.py:878} INFO - 
================================================================================
DAG File Processing Stats

File Path                          PID    Runtime      # DAGs    # Errors  Last Runtime    Last Run
---------------------------------  -----  ---------  --------  ----------  --------------  -------------------
/opt/airflow/dags/pipeline_dag.py                           1           0  0.14s           2026-03-19T14:47:46
================================================================================
[2026-03-19T14:48:44.988+0000] {manager.py:878} INFO - 
================================================================================
DAG File Processing Stats

File Path                          PID    Runtime      # DAGs    # Errors  Last Runtime    Last Run
---------------------------------  -----  ---------  --------  ----------  --------------  -------------------
/opt/airflow/dags/pipeline_dag.py                           1           0  0.18s           2026-03-19T14:48:17
================================================================================
[2026-03-19T14:49:15.342+0000] {manager.py:878} INFO - 
================================================================================
DAG File Processing Stats

File Path                          PID    Runtime      # DAGs    # Errors  Last Runtime    Last Run
---------------------------------  -----  ---------  --------  ----------  --------------  -------------------
/opt/airflow/dags/pipeline_dag.py                           1           0  0.16s           2026-03-19T14:48:47
================================================================================
[2026-03-19T14:49:45.536+0000] {manager.py:878} INFO - 
================================================================================
DAG File Processing Stats

File Path                          PID    Runtime      # DAGs    # Errors  Last Runtime    Last Run
---------------------------------  -----  ---------  --------  ----------  --------------  -------------------
/opt/airflow/dags/pipeline_dag.py                           1           0  0.16s           2026-03-19T14:49:17
================================================================================
[2026-03-19T14:50:15.860+0000] {manager.py:878} INFO - 
================================================================================
DAG File Processing Stats

File Path                          PID    Runtime      # DAGs    # Errors  Last Runtime    Last Run
---------------------------------  -----  ---------  --------  ----------  --------------  -------------------
/opt/airflow/dags/pipeline_dag.py                           1           0  0.16s           2026-03-19T14:49:47
================================================================================
[2026-03-19T14:50:46.059+0000] {manager.py:878} INFO - 
================================================================================
DAG File Processing Stats

File Path                          PID    Runtime      # DAGs    # Errors  Last Runtime    Last Run
---------------------------------  -----  ---------  --------  ----------  --------------  -------------------
/opt/airflow/dags/pipeline_dag.py                           1           0  0.19s           2026-03-19T14:50:18
================================================================================
[2026-03-19T14:51:16.391+0000] {manager.py:878} INFO - 
================================================================================
DAG File Processing Stats

File Path                          PID    Runtime      # DAGs    # Errors  Last Runtime    Last Run
---------------------------------  -----  ---------  --------  ----------  --------------  -------------------
/opt/airflow/dags/pipeline_dag.py                           1           0  0.15s           2026-03-19T14:50:48
================================================================================
[2026-03-19T14:51:46.682+0000] {manager.py:878} INFO - 
================================================================================
DAG File Processing Stats

File Path                          PID    Runtime      # DAGs    # Errors  Last Runtime    Last Run
---------------------------------  -----  ---------  --------  ----------  --------------  -------------------
/opt/airflow/dags/pipeline_dag.py                           1           0  0.16s           2026-03-19T14:51:18
================================================================================
[2026-03-19T14:52:16.869+0000] {manager.py:878} INFO - 
================================================================================
DAG File Processing Stats

File Path                          PID    Runtime      # DAGs    # Errors  Last Runtime    Last Run
---------------------------------  -----  ---------  --------  ----------  --------------  -------------------
/opt/airflow/dags/pipeline_dag.py                           1           0  0.12s           2026-03-19T14:51:48
================================================================================
[2026-03-19T14:52:46.147+0000] {manager.py:737} INFO - Searching for files in /opt/airflow/dags
[2026-03-19T14:52:46.162+0000] {manager.py:740} INFO - There are 1 files in /opt/airflow/dags
[2026-03-19T14:52:47.179+0000] {manager.py:878} INFO - 
================================================================================
DAG File Processing Stats

File Path                          PID    Runtime      # DAGs    # Errors  Last Runtime    Last Run
---------------------------------  -----  ---------  --------  ----------  --------------  -------------------
/opt/airflow/dags/pipeline_dag.py                           1           0  0.16s           2026-03-19T14:52:19
================================================================================
[2026-03-19T14:53:17.392+0000] {manager.py:878} INFO - 
================================================================================
DAG File Processing Stats

File Path                          PID    Runtime      # DAGs    # Errors  Last Runtime    Last Run
---------------------------------  -----  ---------  --------  ----------  --------------  -------------------
/opt/airflow/dags/pipeline_dag.py                           1           0  0.12s           2026-03-19T14:52:49
================================================================================
[2026-03-19T14:53:47.656+0000] {manager.py:878} INFO - 
================================================================================
DAG File Processing Stats

File Path                          PID    Runtime      # DAGs    # Errors  Last Runtime    Last Run
---------------------------------  -----  ---------  --------  ----------  --------------  -------------------
/opt/airflow/dags/pipeline_dag.py                           1           0  0.12s           2026-03-19T14:53:19
================================================================================
[2026-03-19T14:54:17.863+0000] {manager.py:878} INFO - 
================================================================================
DAG File Processing Stats

File Path                          PID    Runtime      # DAGs    # Errors  Last Runtime    Last Run
---------------------------------  -----  ---------  --------  ----------  --------------  -------------------
/opt/airflow/dags/pipeline_dag.py                           1           0  0.12s           2026-03-19T14:53:49
================================================================================
[2026-03-19T14:54:48.143+0000] {manager.py:878} INFO - 
================================================================================
DAG File Processing Stats

File Path                          PID    Runtime      # DAGs    # Errors  Last Runtime    Last Run
---------------------------------  -----  ---------  --------  ----------  --------------  -------------------
/opt/airflow/dags/pipeline_dag.py                           1           0  0.12s           2026-03-19T14:54:20
================================================================================
[2026-03-19T14:55:18.329+0000] {manager.py:878} INFO - 
================================================================================
DAG File Processing Stats

File Path                          PID    Runtime      # DAGs    # Errors  Last Runtime    Last Run
---------------------------------  -----  ---------  --------  ----------  --------------  -------------------
/opt/airflow/dags/pipeline_dag.py                           1           0  0.13s           2026-03-19T14:54:50
================================================================================
[2026-03-19T14:55:48.611+0000] {manager.py:878} INFO - 
================================================================================
DAG File Processing Stats

File Path                          PID    Runtime      # DAGs    # Errors  Last Runtime    Last Run
---------------------------------  -----  ---------  --------  ----------  --------------  -------------------
/opt/airflow/dags/pipeline_dag.py                           1           0  0.13s           2026-03-19T14:55:20
================================================================================
[2026-03-19T14:56:18.804+0000] {manager.py:878} INFO - 
================================================================================
DAG File Processing Stats

File Path                          PID    Runtime      # DAGs    # Errors  Last Runtime    Last Run
---------------------------------  -----  ---------  --------  ----------  --------------  -------------------
/opt/airflow/dags/pipeline_dag.py                           1           0  0.15s           2026-03-19T14:55:50
================================================================================
[2026-03-19T14:56:49.131+0000] {manager.py:878} INFO - 
================================================================================
DAG File Processing Stats

File Path                          PID    Runtime      # DAGs    # Errors  Last Runtime    Last Run
---------------------------------  -----  ---------  --------  ----------  --------------  -------------------
/opt/airflow/dags/pipeline_dag.py                           1           0  0.14s           2026-03-19T14:56:20
================================================================================
[2026-03-19T14:57:19.332+0000] {manager.py:878} INFO - 
================================================================================
DAG File Processing Stats

File Path                          PID    Runtime      # DAGs    # Errors  Last Runtime    Last Run
---------------------------------  -----  ---------  --------  ----------  --------------  -------------------
/opt/airflow/dags/pipeline_dag.py                           1           0  0.12s           2026-03-19T14:56:51
================================================================================
[2026-03-19T14:57:46.562+0000] {manager.py:737} INFO - Searching for files in /opt/airflow/dags
[2026-03-19T14:57:46.588+0000] {manager.py:740} INFO - There are 1 files in /opt/airflow/dags
[2026-03-19T14:57:49.618+0000] {manager.py:878} INFO - 
================================================================================
DAG File Processing Stats

File Path                          PID    Runtime      # DAGs    # Errors  Last Runtime    Last Run
---------------------------------  -----  ---------  --------  ----------  --------------  -------------------
/opt/airflow/dags/pipeline_dag.py                           1           0  0.20s           2026-03-19T14:57:21
================================================================================
[2026-03-19T14:58:19.933+0000] {manager.py:878} INFO - 
================================================================================
DAG File Processing Stats

File Path                          PID    Runtime      # DAGs    # Errors  Last Runtime    Last Run
---------------------------------  -----  ---------  --------  ----------  --------------  -------------------
/opt/airflow/dags/pipeline_dag.py                           1           0  0.17s           2026-03-19T14:57:51
================================================================================
